flow_bytes_per_iteration_sent,cdf
14817953,0.0006285355122564425
38115116,0.001257071024512885
49287066,0.0018856065367693275
72327899,0.00251414204902577
79343083,0.003142677561282212
86551663,0.003771213073538655
93587163,0.0043997485857950975
96927121,0.00502828409805154
103077210,0.0056568196103079825
117845318,0.006285355122564424
125666816,0.0069138906348208675
139545096,0.00754242614707731
143283712,0.008170961659333752
144926848,0.008799497171590195
145327077,0.009428032683846638
163235377,0.01005656819610308
166953953,0.010685103708359522
167394990,0.011313639220615965
167838554,0.011942174732872408
180898765,0.012570710245128848
183018608,0.013199245757385292
187203351,0.013827781269641735
187863683,0.014456316781898177
187966592,0.01508485229415462
193073408,0.01571338780641106
193321216,0.016341923318667503
193450115,0.01697045883092395
195141760,0.01759899434318039
195719612,0.018227529855436832
199011195,0.018856065367693277
200651250,0.019484600879949715
213669497,0.02011313639220616
214543322,0.020741671904462602
218643129,0.021370207416719043
223035922,0.02199874292897549
233612441,0.02262727844123193
240892126,0.023255813953488372
241583276,0.023884349465744817
261864650,0.02451288497800126
283015027,0.025141420490257697
283921086,0.025769956002514142
285050093,0.026398491514770583
288707698,0.027027027027027025
289252642,0.02765556253928347
308676704,0.028284098051539912
313622301,0.028912633563796353
315368773,0.0295411690760528
343853788,0.03016970458830924
347881407,0.030798240100565685
349999589,0.03142677561282212
360985557,0.03205531112507856
371673440,0.03268384663733501
383148629,0.03331238214959145
387108523,0.0339409176618479
391578075,0.034569453174104335
402467209,0.03519798868636078
403641577,0.035826524198617225
404184005,0.036455059710873663
423550143,0.03708359522313011
424400711,0.037712130735386554
426866810,0.03834066624764299
432547211,0.03896920175989943
443073949,0.039597737272155875
445027455,0.04022627278441232
446088733,0.04085480829666876
447141136,0.041483343808925204
456504284,0.04211187932118165
458760015,0.04274041483343809
460106748,0.04336895034569453
470524033,0.04399748585795098
473128143,0.044626021370207415
501720927,0.04525455688246386
532934934,0.045883092394720305
541563477,0.046511627906976744
541779541,0.04714016341923319
554941380,0.047768698931489634
571992837,0.04839723444374608
578860521,0.04902576995600252
582178288,0.049654305468258955
637936154,0.05028284098051539
663070087,0.05091137649277184
684192010,0.051539912005028284
731585135,0.05216844751728472
748203758,0.05279698302954117
755826410,0.05342551854179761
771667387,0.05405405405405405
783827312,0.054682589566310495
788682478,0.05531112507856694
855470123,0.05593966059082338
856163659,0.056568196103079824
867853140,0.05719673161533627
871139269,0.05782526712759271
871699796,0.05845380263984915
874976073,0.059710873664362035
878412166,0.06033940917661848
886384065,0.060967944688874925
887196127,0.06159648020113137
892718453,0.06222501571338781
899725685,0.06285355122564425
903334851,0.06348208673790069
906731365,0.06411062225015712
907883383,0.06473915776241357
913023151,0.06536769327467001
917728323,0.06599622878692646
918137759,0.0666247642991829
918801724,0.06725329981143935
921078047,0.0678818353236958
932095753,0.06851037083595223
932136914,0.06913890634820867
944817585,0.06976744186046512
951930911,0.07039597737272156
951955964,0.071024512884978
952137777,0.07165304839723445
952454396,0.07228158390949088
958819089,0.07291011942174733
963017124,0.07353865493400377
966825886,0.07416719044626022
971032255,0.07479572595851666
971101927,0.07542426147077311
972970376,0.07605279698302954
976614235,0.07668133249528598
978054223,0.07730986800754243
978856783,0.07793840351979886
980824403,0.07919547454431175
981429595,0.0798240100565682
986241058,0.08045254556882464
987142533,0.08108108108108109
987158021,0.08170961659333752
987611010,0.08233815210559398
988824019,0.08296668761785041
988907091,0.08359522313010687
989984289,0.0842237586423633
990847393,0.08485229415461973
994735490,0.08548082966687617
995393058,0.08610936517913262
995548971,0.08673790069138906
996701052,0.0873664362036455
996939918,0.08799497171590195
997271163,0.08862350722815839
999493040,0.08925204274041483
1002284280,0.08988057825267128
1003042145,0.09050911376492772
1003558612,0.09113764927718415
1004333785,0.09176618478944061
1006314552,0.09239472030169704
1006628321,0.09302325581395349
1006874877,0.09365179132620993
1007419348,0.09428032683846638
1008267448,0.09490886235072281
1012403631,0.09553739786297927
1012489570,0.0961659333752357
1012792292,0.09679446888749216
1012857058,0.09742300439974859
1013695257,0.09805153991200503
1014292044,0.09868007542426147
1014970877,0.09930861093651791
1016970686,0.09993714644877436
1017195306,0.10056568196103079
1017499231,0.10119421747328725
1018890864,0.10245128849780012
1019469497,0.10307982401005657
1019607481,0.10370835952231301
1019839088,0.10433689503456944
1019918419,0.1049654305468259
1020117488,0.10559396605908233
1020666438,0.10622250157133878
1020882515,0.10685103708359522
1024247978,0.10747957259585167
1025276917,0.1081081081081081
1025975832,0.10873664362036456
1026550235,0.10999371464487745
1026825204,0.11062225015713388
1027013876,0.11125078566939033
1027155092,0.11250785669390322
1027406508,0.11313639220615965
1027589725,0.11376492771841608
1027955628,0.11439346323067254
1028033304,0.11502199874292897
1028206837,0.11565053425518541
1028258584,0.11627906976744186
1028596853,0.1169076052796983
1028858955,0.11753614079195474
1029039247,0.11879321181646763
1029471435,0.11942174732872407
1029706110,0.12067881835323696
1031024051,0.12130735386549339
1031149363,0.12193588937774985
1031757597,0.12256442489000628
1032036864,0.12319296040226274
1032214142,0.12382149591451917
1032270462,0.12445003142677562
1032271870,0.12507856693903205
1032323261,0.1257071024512885
1032473831,0.12696417347580138
1032548541,0.12759270898805783
1032645118,0.12884978001257072
1033095550,0.12947831552482714
1033817983,0.1301068510370836
1033891304,0.13073538654934003
1034243070,0.13136392206159647
1034320075,0.13199245757385292
1034350312,0.13262099308610936
1034617598,0.1332495285983658
1035174191,0.13387806411062225
1035964078,0.1345065996228787
1036058468,0.13513513513513514
1036101671,0.1357636706473916
1036319848,0.13639220615964803
1036516146,0.13702074167190445
1036519538,0.13764927718416092
1037085981,0.13827781269641734
1037159524,0.13890634820867379
1037182322,0.13953488372093023
1037450597,0.14016341923318668
1038011116,0.14079195474544312
1038261093,0.14142049025769954
1038630213,0.142049025769956
1039049103,0.14267756128221243
1039052100,0.1433060967944689
1039383849,0.14393463230672532
1039474424,0.14456316781898176
1039513693,0.1451917033312382
1039618985,0.14582023884349465
1039666969,0.1464487743557511
1039830648,0.14707730986800754
1039955609,0.147705845380264
1040067058,0.14833438089252043
1040107869,0.14896291640477688
1040252978,0.14959145191703332
1040976636,0.15021998742928974
1041056432,0.15084852294154621
1041232422,0.15147705845380263
1041961107,0.15210559396605908
1042077809,0.15273412947831552
1042771797,0.15336266499057197
1043368974,0.1539912005028284
1043377765,0.15461973601508486
1043556337,0.1552482715273413
1044047131,0.15587680703959772
1044298502,0.1565053425518542
1044374480,0.1571338780641106
1044849522,0.15776241357636706
1045054448,0.1583909490886235
1045105171,0.15901948460087995
1045538373,0.1596480201131364
1045594702,0.16027655562539284
1045833683,0.16090509113764928
1045846439,0.1615336266499057
1045961989,0.16216216216216217
1046064945,0.16279069767441862
1046147099,0.16341923318667503
1047085138,0.16404776869893148
1047515986,0.16467630421118795
1047542101,0.16530483972344437
1048031165,0.16593337523570081
1048179790,0.16656191074795726
1048193841,0.16719044626021373
1049317158,0.16781898177247015
1049539912,0.1684475172847266
1049861172,0.169076052796983
1050148495,0.16970458830923946
1050635120,0.17033312382149593
1050950939,0.17096165933375235
1051479973,0.1715901948460088
1051512893,0.17221873035826524
1052000061,0.17284726587052168
1052627867,0.17347580138277813
1052905268,0.17410433689503457
1053913519,0.174732872407291
1054508452,0.17536140791954746
1054947355,0.1759899434318039
1055088548,0.17661847894406033
1055353871,0.17724701445631677
1055418678,0.17787554996857324
1056514858,0.17850408548082966
1056627498,0.1791326209930861
1057031788,0.17976115650534255
1057348667,0.18101822752985544
1057368548,0.1816467630421119
1057370124,0.1822752985543683
1057408136,0.18290383406662478
1057431262,0.18353236957888122
1057657479,0.18416090509113764
1057698572,0.18478944060339408
1057910800,0.18541797611565053
1057951460,0.18604651162790697
1058095628,0.18667504714016342
1058172022,0.18730358265241986
1058534999,0.18793211816467628
1058946060,0.18856065367693275
1059010500,0.1891891891891892
1059078774,0.18981772470144562
1059255559,0.19044626021370206
1059414924,0.19107479572595854
1059481221,0.19170333123821495
1059617645,0.1923318667504714
1059761193,0.19296040226272784
1059967921,0.19358893777498432
1060528741,0.19421747328724073
1061199740,0.19484600879949718
1061245068,0.1954745443117536
1062044540,0.19610307982401007
1062578315,0.1967316153362665
1062757485,0.19736015084852293
1062821164,0.19798868636077938
1062931206,0.19861722187303582
1063326106,0.19924575738529227
1063596215,0.1998742928975487
1063744645,0.20050282840980516
1064079300,0.20175989943431805
1064244362,0.2023884349465745
1064390082,0.2030169704588309
1064408631,0.20364550597108735
1064583115,0.20427404148334383
1064688254,0.20490257699560024
1065010674,0.2055311125078567
1065101018,0.20615964802011313
1065275378,0.2067881835323696
1065309885,0.20741671904462602
1065401916,0.20804525455688247
1065478845,0.2086737900691389
1065673644,0.20930232558139536
1065717308,0.2099308610936518
1065766572,0.21055939660590822
1065797104,0.2118164676304211
1065896023,0.21244500314267756
1065897516,0.213073538654934
1065964791,0.21370207416719045
1066091376,0.21433060967944687
1066213846,0.21495914519170334
1066327869,0.21558768070395978
1066458864,0.2162162162162162
1066700939,0.21684475172847265
1066718726,0.21747328724072912
1066759228,0.21810182275298554
1066909424,0.21935889377749843
1066909868,0.2199874292897549
1067029599,0.22061596480201132
1067576816,0.22124450031426776
1067820400,0.22187303582652418
1068042586,0.22250157133878065
1068067915,0.2231301068510371
1068152410,0.22375864236329351
1068165136,0.22438717787554996
1068405332,0.22564424890006285
1068425921,0.22690131992457574
1068525769,0.22752985543683216
1068718678,0.22815839094908863
1068997104,0.2294154619736015
1069120016,0.23004399748585794
1069368772,0.2306725329981144
1069431544,0.23130106851037083
1069448513,0.23255813953488372
1069732599,0.2331866750471402
1069787768,0.2338152105593966
1069819534,0.23444374607165305
1069894980,0.23507228158390947
1070051220,0.23570081709616594
1070054896,0.2369578881206788
1070196920,0.23821495914519172
1070223856,0.23884349465744814
1070346352,0.23947203016970459
1070460414,0.24010056568196103
1070470789,0.24072910119421745
1070498430,0.24135763670647392
1070542934,0.24198617221873037
1070550977,0.24261470773098678
1070555738,0.24324324324324323
1070694128,0.2438717787554997
1070868789,0.24450031426775612
1070884673,0.24512884978001256
1070936373,0.245757385292269
1070979952,0.24638592080452548
1070983929,0.2470144563167819
1070987511,0.24764299182903834
1071018366,0.24827152734129476
1071064951,0.24890006285355123
1071165561,0.24952859836580768
1071172870,0.25078566939032054
1071231600,0.25204274041483343
1071255726,0.2526712759270899
1071292317,0.2532998114393463
1071316599,0.2545568824638592
1071418291,0.25518541797611566
1071435255,0.2564424890006285
1071614003,0.257071024512885
1071684471,0.25769956002514144
1071718996,0.2583280955373979
1071768649,0.2589566310496543
1071798519,0.2595851665619108
1071840324,0.2602137020741672
1071901560,0.26147077309868005
1071932279,0.26209930861093655
1071939319,0.26272784412319294
1071978675,0.2633563796354494
1072019070,0.26398491514770583
1072067447,0.2646134506599623
1072116659,0.2652419861722187
1072133239,0.2664990571967316
1072136055,0.26712759270898806
1072136371,0.2677561282212445
1072194167,0.26838466373350095
1072300394,0.2690131992457574
1072309623,0.2702702702702703
1072319411,0.27089880578252673
1072321776,0.2715273412947832
1072330458,0.27215587680703957
1072338631,0.27278441231929607
1072356087,0.2734129478315525
1072357111,0.2740414833438089
1072391918,0.27467001885606535
1072399230,0.27529855436832185
1072400309,0.27592708988057824
1072420787,0.2765556253928347
1072459047,0.27781269641734757
1072464119,0.278441231929604
1072468343,0.2796983029541169
1072483273,0.28032683846637335
1072510232,0.2809553739786298
1072512307,0.28158390949088624
1072536942,0.2822124450031427
1072664439,0.2828409805153991
1072668972,0.284098051539912
1072723575,0.28472658705216847
1072739063,0.28535512256442486
1072793373,0.2866121935889378
1072824183,0.2872407291011942
1072842750,0.28786926461345064
1072856055,0.2891263356379635
1072861175,0.28975487115022
1072868983,0.2903834066624764
1072891127,0.2916404776869893
1072965239,0.2928975487115022
1072989687,0.2941546197360151
1073048823,0.295411690760528
1073057655,0.29604022627278437
1073058679,0.29666876178504087
1073062384,0.2972972972972973
1073064311,0.29792583280955376
1073090611,0.29855436832181015
1073092522,0.29918290383406665
1073147315,0.2998114393463231
1073178913,0.30106851037083593
1073198003,0.30169704588309243
1073199095,0.3023255813953488
1073292339,0.30295411690760526
1073315708,0.30421118793211815
1073331694,0.3048397234443746
1073331831,0.30546825895663104
1073383927,0.3060967944688875
1073396733,0.30672532998114393
1073405047,0.3073538654934004
1073406387,0.3079824010056568
1073449083,0.30861093651791327
1073452919,0.3092394720301697
1073462391,0.30986800754242616
1073470237,0.3104965430546826
1073496567,0.31175361407919544
1073505015,0.3130106851037084
1073510579,0.3136392206159648
1073510647,0.3148962916404777
1073530437,0.31615336266499056
1073534285,0.316781898177247
1073536841,0.31741043368950345
1073538924,0.3180389692017599
1073597491,0.31866750471401634
1073642915,0.3192960402262728
1073696620,0.3199245757385292
1073707767,0.3211816467630421
1073762295,0.32181018227529856
1073775351,0.32243871778755495
1073783799,0.3230672532998114
1073795379,0.3236957888120679
1073848062,0.32432432432432434
1073870828,0.3249528598365808
1073875906,0.32558139534883723
1073897691,0.3262099308610937
1073901303,0.32683846637335007
1073917168,0.3274670018856065
1073920108,0.32809553739786296
1073926141,0.3287240729101194
1073929847,0.3293526084223759
1073967479,0.32998114393463235
1073972019,0.33060967944688874
1073972070,0.3312382149591452
1073987560,0.33186675047140163
1074001587,0.3324952859836581
1074017198,0.3337523570081709
1074020308,0.33438089252042746
1074023159,0.3356379635449403
1074047027,0.33626649905719674
1074068652,0.3368950345694532
1074098167,0.338152105593966
1074100215,0.33878064110622247
1074110455,0.3394091766184789
1074133901,0.3400377121307354
1074175188,0.34066624764299186
1074186487,0.3419233186675047
1074190312,0.34255185417976114
1074206199,0.34380892520427403
1074263927,0.3444374607165305
1074265079,0.345065996228787
1074270583,0.34569453174104336
1074376567,0.34695160276555626
1074382199,0.3475801382778127
1074389239,0.34820867379006915
1074392055,0.349465744814582
1074396023,0.3500942803268385
1074398790,0.3507228158390949
1074439161,0.35135135135135137
1074443280,0.3519798868636078
1074445559,0.35260842237586426
1074462085,0.35323695788812065
1074491686,0.35449402891263354
1074492246,0.35512256442489
1074496179,0.3557510999371465
1074514551,0.35637963544940293
1074528631,0.35763670647391577
1074545698,0.35889377749842866
1074551607,0.3595223130106851
1074579319,0.3601508485229415
1074602317,0.36077938403519805
1074603275,0.36140791954745444
1074620621,0.3626649905719673
1074632823,0.3632935260842238
1074649165,0.3639220615964802
1074689143,0.3645505971087366
1074698670,0.36580766813324955
1074717376,0.36706473915776244
1074748279,0.3676932746700189
1074810163,0.3683218101822753
1074811248,0.3689503456945317
1074821909,0.36957888120678817
1074842615,0.3702074167190446
1074847309,0.37146448774355756
1074989950,0.37209302325581395
1075007888,0.3727215587680704
1075042920,0.37335009428032684
1075115884,0.3739786297925833
1075115950,0.3752357008170961
1075196023,0.37649277184160906
1075228078,0.37774984286612195
1075230424,0.3783783783783784
1075230839,0.37963544940289123
1075247479,0.3802639849151477
1075257907,0.3808925204274041
1075263110,0.38152105593966057
1075303400,0.38214959145191707
1075307255,0.3834066624764299
1075307677,0.38403519798868635
1075313406,0.3846637335009428
1075335415,0.3859208045254557
1075357943,0.38717787554996863
1075367055,0.387806411062225
1075370061,0.3890634820867379
1075414263,0.38969201759899436
1075444599,0.3903205531112508
1075469248,0.3909490886235072
1075483164,0.39220615964802014
1075490801,0.3928346951602766
1075497335,0.39409176618478947
1075523339,0.39472030169704586
1075635319,0.3953488372093023
1075664141,0.39597737272155875
1075683661,0.3966059082338152
1075696368,0.39723444374607164
1075700990,0.39786297925832814
1075719470,0.399120050282841
1075735287,0.3997485857950974
1075737165,0.40037712130735387
1075745163,0.4010056568196103
1075762127,0.4016341923318667
1075763520,0.40226272784412315
1075767501,0.4035197988686361
1075780813,0.404776869893149
1075785463,0.40540540540540543
1075798647,0.40666247642991826
1075811460,0.4072910119421747
1075828685,0.4079195474544312
1075834216,0.40854808296668765
1075865849,0.4091766184789441
1075955392,0.4098051539912005
1075967223,0.4110622250157134
1075983236,0.4116907605279698
1076053490,0.41231929604022627
1076083063,0.41294783155248266
1076116517,0.4142049025769956
1076131370,0.4154619736015085
1076132848,0.41609050911376494
1076161028,0.4173475801382778
1076184896,0.4179761156505342
1076202458,0.4186046511627907
1076214434,0.41923318667504716
1076228985,0.4198617221873036
1076257322,0.42111879321181644
1076262733,0.4217473287240729
1076278208,0.42237586423632933
1076283426,0.4230043997485858
1076296255,0.4236329352608422
1076310994,0.4248900062853551
1076325415,0.426147077309868
1076328190,0.4274041483343809
1076341630,0.4280326838466373
1076353070,0.42866121935889373
1076380621,0.42928975487115023
1076407885,0.4299182903834067
1076417229,0.4305468258956631
1076432717,0.431803896920176
1076449613,0.4324324324324324
1076499502,0.43306096794468885
1076510081,0.4336895034569453
1076513219,0.4343180389692018
1076523075,0.43494657448145824
1076530423,0.4355751099937147
1076534296,0.43620364550597107
1076538304,0.4368321810182275
1076578458,0.43746071653048396
1076604480,0.4380892520427404
1076618573,0.43871778755499685
1076634233,0.43934632306725324
1076659243,0.4399748585795098
1076727413,0.4406033940917662
1076756087,0.44123192960402263
1076763109,0.4418604651162791
1076782797,0.4424890006285355
1076808653,0.44311753614079197
1076854632,0.44374607165304836
1076867301,0.4443746071653048
1076880461,0.44563167818981775
1076948654,0.4462602137020742
1077035328,0.44688874921433064
1077035341,0.44751728472658703
1077039552,0.4481458202388435
1077048000,0.4487743557510999
1077054362,0.44940289126335636
1077055936,0.45003142677561286
1077062464,0.4506599622878693
1077064397,0.4512884978001257
1077073344,0.45191703331238214
1077091136,0.4525455688246386
1077098688,0.45317410433689503
1077101504,0.4538026398491515
1077138562,0.45443117536140787
1077205709,0.4550597108736643
1077222605,0.45631678189817726
1077314112,0.4569453174104337
1077363105,0.45757385292269015
1077403820,0.4582023884349466
1077407382,0.45945945945945943
1077437175,0.4600879949717159
1077442880,0.4607165304839724
1077483456,0.4613450659962288
1077496781,0.46260213702074165
1077546999,0.4632306725329981
1077565740,0.46385920804525455
1077567565,0.464487743557511
1077612621,0.4657448145820238
1077615106,0.4663733500942804
1077621069,0.4676304211187932
1077629155,0.4688874921433061
1077629517,0.47014456316781894
1077639757,0.4714016341923319
1077647336,0.47203016970458833
1077656256,0.4726587052168448
1077668429,0.4732872407291012
1077672653,0.4739157762413576
1077676919,0.4751728472658705
1077683037,0.47580138277812695
1077683296,0.47642991829038345
1077695223,0.4770584538026399
1077788123,0.4776869893148963
1077797069,0.4783155248271527
1077798477,0.47894406033940917
1077809838,0.4795725958516656
1077884414,0.48020113136392206
1077897037,0.48082966687617845
1077916690,0.4814582023884349
1078014029,0.48271527341294784
1078027650,0.4833438089252043
1078041139,0.48397234443746073
1078067405,0.4846008799497172
1078082112,0.48522941546197357
1078101246,0.48585795097423
1078102135,0.48648648648648646
1078155694,0.4877435575109994
1078172021,0.48837209302325585
1078265874,0.48900062853551224
1078266573,0.49025769956002513
1078270157,0.4908862350722816
1078270870,0.4921433060967945
1078273919,0.49277184160905096
1078275891,0.49340037712130735
1078285632,0.4940289126335638
1078296055,0.4952859836580767
1078306218,0.49591451917033313
1078319554,0.4965430546825895
1078347597,0.49780012570710247
1078355789,0.4984286612193589
1078372418,0.49905719673161536
1078409623,0.4996857322438718
1078413517,0.5003142677561282
1078441152,0.5009428032683847
1078477120,0.5015713387806411
1078495958,0.5021998742928975
1078542020,0.502828409805154
1078557376,0.5034569453174105
1078574029,0.5040854808296669
1078582402,0.5047140163419234
1078590286,0.5053425518541798
1078613758,0.5059710873664361
1078617982,0.5065996228786926
1078640132,0.507228158390949
1078653133,0.508485229415462
1078658383,0.5091137649277184
1078658874,0.5103708359522313
1078702413,0.5109993714644877
1078769834,0.5116279069767442
1078780714,0.5122564424890006
1078813263,0.512884978001257
1078850993,0.5135135135135136
1078892109,0.51414204902577
1078893451,0.5147705845380264
1078898112,0.5153991200502829
1078906103,0.5160276555625393
1078948032,0.5166561910747958
1078991950,0.5172847265870522
1079018289,0.5179132620993085
1079058624,0.518541797611565
1079060119,0.5191703331238215
1079067499,0.5197988686360779
1079082560,0.5204274041483344
1079086159,0.5210559396605908
1079145099,0.5216844751728472
1079155184,0.5229415461973601
1079174614,0.5235700817096166
1079225265,0.5241986172218731
1079237440,0.5248271527341295
1079239190,0.5254556882463859
1079261517,0.5267127592708988
1079296642,0.5273412947831553
1079402176,0.5279698302954117
1079407318,0.5292269013199246
1079479629,0.5304839723444374
1079529591,0.531112507856694
1079603520,0.5317410433689503
1079610560,0.5323695788812067
1079619917,0.5329981143934632
1079662184,0.5336266499057196
1079665515,0.5342551854179761
1079668822,0.5348837209302326
1079675341,0.535512256442489
1079767940,0.5361407919547454
1079778681,0.5367693274670019
1079800640,0.5373978629792583
1079828800,0.5380263984915148
1079832311,0.5386549340037712
1079877004,0.5392834695160276
1079914366,0.5399120050282842
1079922165,0.5405405405405406
1079935031,0.541169076052797
1079962573,0.5417976115650535
1079999289,0.5424261470773099
1080017150,0.5436832181018227
1080053764,0.5443117536140791
1080093617,0.5449402891263356
1080113838,0.5455688246385921
1080114637,0.5461973601508485
1080134424,0.546825895663105
1080135757,0.5474544311753614
1080152653,0.5480829666876178
1080159693,0.5487115021998743
1080174092,0.5493400377121307
1080184653,0.5499685732243872
1080187048,0.5505971087366437
1080317561,0.5512256442489001
1080322637,0.5518541797611565
1080372996,0.552482715273413
1080511481,0.5531112507856694
1080536658,0.5537397862979259
1080555827,0.5543683218101823
1080592549,0.5549968573224386
1080607673,0.5556253928346951
1080612672,0.5562539283469516
1080643970,0.556882463859208
1080651193,0.5575109993714645
1080681602,0.5581395348837209
1080738381,0.5587680703959773
1080758861,0.5593966059082338
1080794104,0.5600251414204902
1080809055,0.5606536769327467
1080865101,0.5612822124450032
1080866423,0.562539283469516
1080890445,0.5631678189817725
1080932685,0.5637963544940289
1080941901,0.5644248900062854
1080954405,0.5650534255185418
1080956621,0.5656819610307982
1080961656,0.5663104965430548
1080985476,0.5675675675675675
1080993304,0.568196103079824
1081002198,0.5688246385920804
1081120236,0.5694531741043369
1081130169,0.5700817096165933
1081157952,0.5707102451288497
1081164676,0.5713387806411062
1081243319,0.5719673161533627
1081251972,0.5732243871778756
1081294212,0.5744814582023884
1081313587,0.5751099937146449
1081324533,0.5757385292269013
1081325816,0.5769956002514143
1081336548,0.5776241357636707
1081343541,0.5788812067881836
1081348023,0.57950974230044
1081364981,0.5801382778126964
1081444025,0.5807668133249528
1081445220,0.5813953488372092
1081450867,0.5820238843494657
1081472024,0.5826524198617222
1081549010,0.5832809553739786
1081600263,0.5839094908862351
1081612741,0.5845380263984915
1081636725,0.5851665619107479
1081640090,0.5857950974230044
1081643546,0.5864236329352608
1081643806,0.5870521684475173
1081645120,0.5876807039597738
1081682105,0.5883092394720302
1081722573,0.5889377749842866
1081744435,0.5895663104965431
1081803465,0.5901948460087995
1081866900,0.590823381521056
1081895806,0.5920804525455687
1081934797,0.5933375235700817
1081943478,0.5939660590823381
1081954933,0.5945945945945946
1082040544,0.595223130106851
1082131220,0.5958516656191075
1082161869,0.5964802011313639
1082267372,0.5971087366436203
1082280031,0.5977372721558768
1082288008,0.5983658076681333
1082299081,0.5989943431803897
1082430276,0.5996228786926462
1082475012,0.600879949717159
1082512936,0.6015084852294155
1082626885,0.6021370207416719
1082645626,0.6027655562539284
1082658924,0.6033940917661849
1082670805,0.6040226272784412
1082672315,0.6046511627906976
1082700373,0.6052796983029541
1082734815,0.6059082338152105
1082743885,0.6071653048397234
1082918052,0.6077938403519798
1082938125,0.6084223758642363
1082948472,0.6090509113764928
1082977110,0.6096794468887492
1083004301,0.6103079824010057
1083020719,0.6109365179132621
1083040002,0.6115650534255185
1083075988,0.612193588937775
1083098939,0.6128221244500314
1083108376,0.6134506599622879
1083175956,0.6140791954745444
1083226370,0.6147077309868008
1083248174,0.6153362664990571
1083265399,0.6159648020113137
1083271011,0.61659333752357
1083286426,0.6172218730358265
1083375705,0.6178504085480829
1083402782,0.6184789440603394
1083430018,0.6191074795725959
1083434591,0.6197360150848523
1083457289,0.6203645505971087
1083481545,0.6209930861093652
1083493378,0.6216216216216216
1083544852,0.6222501571338781
1083550285,0.6235072281583909
1083558201,0.6241357636706474
1083561748,0.6247642991829039
1083602842,0.6253928346951603
1083632148,0.6260213702074168
1083662857,0.6266499057196732
1083667965,0.6272784412319296
1083688468,0.627906976744186
1083706432,0.6285355122564424
1083753616,0.6291640477686989
1083789828,0.6304211187932118
1083793038,0.6310496543054682
1083807479,0.6316781898177247
1083912000,0.6323067253299811
1083936507,0.6329352608422376
1083938343,0.633563796354494
1083968276,0.6341923318667504
1084010516,0.6348208673790069
1084011085,0.6354494028912634
1084056025,0.6360779384035198
1084060471,0.6367064739157763
1084115714,0.6373350094280327
1084209485,0.6379635449402891
1084212296,0.6385920804525456
1084266977,0.639220615964802
1084286484,0.6398491514770585
1084297346,0.640477686989315
1084301058,0.6417347580138277
1084316621,0.6423632935260842
1084343598,0.6429918290383406
1084410317,0.6436203645505971
1084416695,0.6442489000628535
1084455501,0.6448774355751099
1084853543,0.6455059710873664
1084859191,0.6461345065996228
1084942129,0.6467630421118793
1085027673,0.6473915776241358
1085065055,0.6480201131363923
1085069188,0.6486486486486487
1085146370,0.6492771841609052
1085153458,0.6499057196731616
1085179191,0.650534255185418
1085230360,0.6511627906976745
1085252319,0.6517913262099309
1085341111,0.6524198617221874
1085454722,0.6530483972344437
1085555564,0.6536769327467001
1085640328,0.6543054682589566
1085648128,0.654934003771213
1085711750,0.6555625392834695
1085836772,0.6561910747957259
1085838065,0.6568196103079823
1085859608,0.6574481458202388
1086007629,0.6580766813324953
1086263310,0.6587052168447518
1086373392,0.6593337523570082
1086449424,0.6599622878692647
1086553137,0.6605908233815211
1086556006,0.6612193588937775
1086570033,0.661847894406034
1086762136,0.6624764299182904
1086978041,0.6631049654305469
1087070766,0.6637335009428033
1087126654,0.6643620364550596
1087181003,0.6649905719673161
1087291724,0.6656191074795725
1087355750,0.666247642991829
1087396941,0.6668761785040854
1087407706,0.6675047140163418
1087529059,0.6681332495285983
1087530202,0.6687617850408549
1087574398,0.6693903205531113
1087717683,0.6700188560653677
1087728995,0.6706473915776242
1087960344,0.6712759270898806
1088009673,0.6719044626021371
1088287190,0.6725329981143935
1088332330,0.6731615336266499
1088423748,0.6737900691389064
1088429871,0.6744186046511628
1088595352,0.6750471401634193
1088682648,0.6756756756756757
1088684193,0.676304211187932
1088770284,0.6769327467001885
1088802500,0.6775612822124449
1088884332,0.6781898177247014
1088885740,0.6788183532369578
1088960364,0.6800754242614708
1088976782,0.6807039597737272
1089063148,0.6813324952859837
1089088492,0.6819610307982401
1089111950,0.6825895663104966
1089113836,0.683218101822753
1089147628,0.6838466373350094
1089173996,0.6844751728472659
1089226184,0.6851037083595223
1089229292,0.6857322438717788
1089340140,0.6863607793840352
1089499628,0.6869893148962916
1089612268,0.6876178504085481
1089691116,0.6882463859208044
1089728748,0.688874921433061
1089862892,0.6895034569453174
1089955820,0.690131992457574
1090062828,0.6907605279698303
1090064236,0.6913890634820867
1090113516,0.6920175989943432
1090116332,0.6932746700188561
1090161825,0.6939032055311125
1090233196,0.6945317410433689
1090274028,0.6951602765556254
1090290924,0.6957888120678818
1090361324,0.6964173475801383
1090419052,0.6970458830923947
1090484588,0.6976744186046511
1090556868,0.6983029541169076
1090558444,0.698931489629164
1090596460,0.6995600251414205
1090668268,0.700188560653677
1090673900,0.7008170961659335
1090682348,0.7014456316781899
1090727404,0.7020741671904464
1090811884,0.7027027027027027
1090909804,0.7033312382149591
1090914668,0.7039597737272156
1090923116,0.704588309239472
1090942660,0.7052168447517285
1090996332,0.7058453802639849
1091009004,0.7064739157762413
1091010412,0.7071024512884978
1091021676,0.7077309868007542
1091073772,0.7083595223130107
1091145580,0.7089880578252671
1091169567,0.7096165933375235
1091196268,0.71024512884978
1091214572,0.7108736643620365
1091235692,0.711502199874293
1091294828,0.7121307353865494
1091304300,0.7127592708988059
1091314540,0.7133878064110623
1091330761,0.7140163419233186
1091338476,0.7146448774355751
1091354697,0.7152734129478315
1091363820,0.715901948460088
1091369452,0.7165304839723444
1091382954,0.7171590194846008
1091393059,0.7177875549968573
1091410284,0.7184160905091137
1091416940,0.7190446260213702
1091422956,0.7196731615336266
1091453983,0.720301697045883
1091469420,0.7209302325581395
1091482092,0.7215587680703961
1091525868,0.7221873035826525
1091539436,0.7228158390949089
1091603692,0.7234443746071654
1091608662,0.7240729101194218
1091613910,0.7247014456316783
1091669356,0.7253299811439347
1091708780,0.725958516656191
1091712454,0.7265870521684475
1091729900,0.7272155876807039
1091734124,0.7278441231929604
1091755927,0.7284726587052168
1091763692,0.7291011942174732
1091780588,0.7297297297297297
1091809185,0.7303582652419861
1091883043,0.7309868007542426
1091960812,0.7316153362664991
1091977708,0.7322438717787556
1091979116,0.732872407291012
1091991788,0.7335009428032684
1092006451,0.7341294783155249
1092009851,0.7347580138277813
1092015724,0.7353865493400378
1092098796,0.7360150848522942
1092126627,0.7366436203645506
1092127786,0.7372721558768071
1092217068,0.7379006913890634
1092234988,0.73852922690132
1092246636,0.7391577624135763
1092259308,0.7397862979258327
1092276204,0.7404148334380892
1092288545,0.7410433689503456
1092289955,0.7416719044626021
1092314220,0.7429289754871151
1092324460,0.7435575109993715
1092359276,0.7441860465116279
1092364908,0.7448145820238844
1092447980,0.7454431175361408
1092464876,0.7460716530483973
1092505708,0.7467001885606537
1092511340,0.7473287240729101
1092516460,0.7479572595851666
1092520812,0.748585795097423
1092532460,0.7492143306096795
1092556396,0.7498428661219358
1092559212,0.7504714016341922
1092563052,0.7510999371464487
1092626262,0.7517284726587051
1092672949,0.7523570081709616
1092709868,0.7529855436832181
1092719724,0.7536140791954746
1092792940,0.754242614707731
1092804204,0.7548711502199875
1092805440,0.7554996857322439
1092832364,0.7561282212445003
1092840812,0.7567567567567568
1092844413,0.7573852922690132
1092860524,0.7580138277812697
1092866156,0.7586423632935261
1092883052,0.7592708988057825
1092914028,0.759899434318039
1092920343,0.7605279698302954
1092937964,0.7611565053425519
1092950636,0.7617850408548082
1092964387,0.7624135763670646
1093005548,0.7630421118793211
1093021036,0.7636706473915776
1093128044,0.7642991829038341
1093141795,0.765556253928347
1093146348,0.7661847894406034
1093164268,0.7668133249528598
1093220384,0.7674418604651163
1093257196,0.7680703959773727
1093266833,0.7686989314896292
1093298412,0.7693274670018856
1093309676,0.769956002514142
1093335020,0.7705845380263985
1093349100,0.7712130735386549
1093357219,0.7718416090509114
1093385708,0.7724701445631678
1093420908,0.7730986800754241
1093427948,0.7737272155876808
1093533548,0.7743557510999373
1093560300,0.7749842866121937
1093572972,0.77561282212445
1093650412,0.7762413576367065
1093675457,0.7768698931489629
1093725036,0.7781269641734758
1093735075,0.7787554996857322
1093735258,0.7793840351979887
1093739116,0.7800125707102451
1093753998,0.7806411062225016
1093777132,0.781269641734758
1093826412,0.7818981772470144
1093827489,0.7825267127592709
1093864097,0.7831552482715273
1093881324,0.7837837837837838
1093884191,0.7844123192960403
1093902495,0.7850408548082968
1093903680,0.7856693903205532
1093919340,0.7862979258328096
1093983591,0.786926461345066
1093991148,0.7875549968573224
1094001004,0.7881835323695789
1094022124,0.7888120678818353
1094053100,0.7894406033940917
1094078444,0.7900691389063482
1094152478,0.7906976744186046
1094174188,0.7913262099308611
1094179820,0.7919547454431175
1094196387,0.7925832809553739
1094219142,0.7938403519798868
1094241772,0.7944688874921433
1094265708,0.7950974230043998
1094286828,0.7957259585166563
1094310764,0.7963544940289127
1094360044,0.7969830295411691
1094423404,0.7976115650534256
1094443116,0.798240100565682
1094445932,0.7988686360779385
1094452643,0.7994971715901948
1094527724,0.8001257071024512
1094578284,0.8007542426147077
1094623340,0.8013827781269641
1094626156,0.8020113136392206
1094713452,0.802639849151477
1094737441,0.8032683846637334
1094754284,0.8038969201759899
1094805418,0.8045254556882463
1094806380,0.8051539912005028
1094820460,0.8057825267127593
1094851890,0.8064110622250158
1094878188,0.8070395977372722
1094888044,0.8076681332495287
1094911980,0.8082966687617851
1094947180,0.8089252042740415
1094969370,0.809553739786298
1094975777,0.8101822752985544
1094984154,0.8108108108108109
1095002092,0.8114393463230672
1095004961,0.8120678818353236
1095119252,0.8126964173475801
1095121772,0.8133249528598365
1095171692,0.813953488372093
1095210922,0.8145820238843494
1095415706,0.8152105593966058
1095424492,0.8158390949088624
1095467623,0.8164676304211188
1095469548,0.8170961659333753
1095530092,0.8177247014456317
1095538796,0.8183532369578882
1095568236,0.8189817724701446
1095655404,0.819610307982401
1095726975,0.8202388434946575
1095824637,0.8208673790069139
1095868837,0.8214959145191704
1095997895,0.8221244500314268
1096089068,0.8227529855436831
1096166561,0.8233815210559396
1096199693,0.824010056568196
1096199916,0.8246385920804525
1096224236,0.8252671275927089
1096251372,0.8258956631049653
1096255552,0.8265241986172219
1096273516,0.8271527341294784
1096277767,0.8277812696417348
1096308716,0.8284098051539912
1096312940,0.8290383406662477
1096340034,0.8296668761785041
1096407163,0.8302954116907606
1096495576,0.830923947203017
1096552662,0.8315524827152734
1096591158,0.8321810182275299
1096594299,0.8328095537397863
1096612844,0.8334380892520428
1096678349,0.8340666247642992
1096744594,0.8346951602765555
1096798093,0.835323695788812
1096864116,0.8359522313010684
1096986304,0.8365807668133249
1097085910,0.8372093023255814
1097172154,0.8378378378378379
1097194695,0.8384663733500943
1097342994,0.8390949088623507
1097440417,0.8397234443746072
1097466432,0.8403519798868636
1097595299,0.8409805153991201
1097629728,0.8416090509113765
1097642485,0.8428661219358894
1097670252,0.8434946574481458
1097754348,0.8441231929604023
1097795241,0.8447517284726587
1097831788,0.8453802639849151
1098034595,0.8460087994971716
1098240161,0.846637335009428
1098430580,0.8472658705216844
1098548415,0.847894406033941
1098551231,0.8485229415461975
1099108329,0.8491514770584538
1099176287,0.8497800125707102
1099216244,0.8504085480829667
1099249984,0.8510370835952231
1099278695,0.8516656191074796
1099407724,0.852294154619736
1099621311,0.8529226901319924
1099745017,0.8535512256442489
1099872222,0.8541797611565053
1099974082,0.8548082966687618
1100257045,0.8554368321810182
1100769447,0.8560653676932746
1100890375,0.8566939032055311
1100938023,0.8573224387177875
1101030790,0.8579509742300441
1101073750,0.8585795097423005
1101083252,0.859208045254557
1101228001,0.8598365807668134
1101274732,0.8604651162790699
1101311130,0.8610936517913262
1101393012,0.8617221873035826
1101409542,0.8623507228158391
1101429590,0.8629792583280955
1101534808,0.863607793840352
1101629994,0.8642363293526084
1101715282,0.8648648648648648
1101836411,0.8654934003771213
1101949491,0.8661219358893777
1101975625,0.8667504714016342
1102011133,0.8673790069138906
1102029044,0.868007542426147
1102231796,0.8686360779384036
1102248339,0.86926461345066
1102323709,0.8698931489629165
1102619742,0.8705216844751729
1102633525,0.8711502199874294
1102640457,0.8717787554996858
1102922048,0.8724072910119421
1102968906,0.8730358265241986
1103199627,0.873664362036455
1103751092,0.8742928975487115
1103778719,0.8749214330609679
1103900191,0.8755499685732243
1103939782,0.8761785040854808
1104244472,0.8768070395977372
1104739224,0.8774355751099937
1104795646,0.8780641106222501
1104979965,0.8786926461345065
1105135028,0.8799497171590196
1105385598,0.880578252671276
1105454874,0.8812067881835324
1105503745,0.8818353236957889
1105517552,0.8830923947203018
1106102940,0.8837209302325582
1106596044,0.8843494657448145
1106898984,0.884978001257071
1106922666,0.8856065367693274
1107026900,0.8862350722815839
1107767863,0.8868636077938403
1107772639,0.8874921433060967
1107825975,0.8881206788183532
1109565458,0.8887492143306096
1109938332,0.8893777498428661
1110010693,0.8900062853551226
1110124066,0.8906348208673791
1110128965,0.8912633563796355
1110241364,0.8918918918918919
1110538444,0.8925204274041484
1110832224,0.8931489629164048
1111105282,0.8937774984286613
1111252601,0.8944060339409177
1111665479,0.8950345694531741
1111894259,0.8956631049654306
1112461339,0.896291640477687
1112670791,0.8969201759899434
1112981533,0.8975487115021998
1113011275,0.8981772470144562
1113323825,0.8988057825267127
1113519221,0.8994343180389691
1113591548,0.9000628535512257
1113628156,0.9006913890634821
1113865905,0.9013199245757386
1114781936,0.9025769956002514
1115163048,0.9038340666247643
1115630448,0.9050911376492772
1115750026,0.9057196731615336
1116038394,0.9063482086737901
1116359157,0.9069767441860465
1116418461,0.907605279698303
1116477040,0.9088623507228157
1116523615,0.9101194217473286
1116570122,0.9107479572595852
1117359723,0.9113764927718416
1117622000,0.9126335637963545
1118301723,0.913262099308611
1118350850,0.9138906348208674
1118439570,0.9145191703331238
1118559250,0.9151477058453803
1118683862,0.9157762413576367
1118909142,0.9164047768698932
1118916960,0.9170333123821496
1118984602,0.917661847894406
1119605727,0.9182903834066625
1120513452,0.9189189189189189
1120563706,0.9195474544311754
1121113192,0.9201759899434317
1121596290,0.9208045254556881
1121672698,0.9214330609679448
1121972140,0.9220615964802011
1121995130,0.9226901319924576
1122080747,0.923318667504714
1123024982,0.9239472030169705
1123227963,0.9245757385292269
1123298659,0.9252042740414833
1123571293,0.9258328095537398
1123838543,0.9264613450659962
1123976527,0.9270898805782527
1124538924,0.9277184160905091
1124557238,0.9283469516027655
1124658943,0.928975487115022
1124898147,0.9296040226272784
1125255310,0.9302325581395349
1125256718,0.9308610936517913
1125795782,0.9314896291640477
1125994071,0.9321181646763043
1126308961,0.9327467001885608
1126577312,0.9333752357008172
1126588887,0.9340037712130735
1126650528,0.93463230672533
1126800028,0.9352608422375864
1126925340,0.9358893777498429
1127178789,0.9371464487743557
1127822245,0.9377749842866122
1128171045,0.9384035197988686
1128648048,0.9390320553111251
1128663214,0.9396605908233815
1129537211,0.9402891263356379
1129991600,0.9409176618478944
1130122544,0.9415461973601508
1130236965,0.9428032683846638
1130983792,0.9440603394091767
1132043855,0.944688874921433
1132576092,0.9453174104336896
1132803793,0.9459459459459459
1133155698,0.9465744814582024
1134026556,0.9472030169704588
1135617648,0.9478315524827152
1135908433,0.9484600879949717
1136345182,0.9490886235072281
1138192885,0.9497171590194846
1140514380,0.950345694531741
1141680977,0.9509742300439974
1141952248,0.9516027655562539
1142121626,0.9522313010685103
1142506591,0.9528598365807669
1142902239,0.9534883720930233
1144157938,0.9541169076052798
1144455168,0.9547454431175362
1145886962,0.9553739786297926
1146172928,0.9560025141420491
1148247530,0.9566310496543055
1148610380,0.957259585166562
1150526602,0.9578881206788183
1151120778,0.9585166561910747
1154110072,0.9591451917033312
1154504243,0.9597737272155876
1154789361,0.9604022627278441
1154908583,0.9610307982401005
1156231153,0.9616593337523569
1156386858,0.9622878692646134
1156566823,0.9629164047768698
1156685354,0.9635449402891264
1159523504,0.9641734758013828
1159527021,0.9648020113136393
1159847847,0.9654305468258957
1160691741,0.9660590823381522
1160934049,0.9666876178504086
1160955163,0.9679446888749215
1161663314,0.9685732243871779
1163155926,0.9692017598994344
1163202936,0.9698302954116907
1163785422,0.9704588309239471
1163933262,0.9710873664362036
1164491559,0.97171590194846
1164817584,0.9723444374607165
1170448800,0.9729729729729729
1170581620,0.9736015084852293
1171246249,0.9742300439974859
1172157488,0.9748585795097423
1174315809,0.9754871150219988
1174451084,0.9767441860465117
1175635333,0.9773727215587681
1175747973,0.9780012570710245
1176493969,0.978629792583281
1178996768,0.9792583280955374
1187254403,0.9798868636077939
1193380174,0.9805153991200503
1204073515,0.9811439346323066
1204659376,0.9817724701445631
1206350658,0.9824010056568195
1208401707,0.983029541169076
1213372354,0.9836580766813324
1217765455,0.984286612193589
1218553935,0.9849151477058454
1235518552,0.9855436832181019
1236110597,0.9861722187303583
1246094690,0.9868007542426147
1246327010,0.9874292897548712
1246980796,0.9880578252671276
1249568700,0.9886863607793841
1250848281,0.9893148962916405
1254649867,0.9899434318038969
1256084633,0.9905719673161534
1261340939,0.9912005028284098
1262271439,0.9918290383406663
1268108441,0.9924575738529227
1283049121,0.993086109365179
1285504673,0.9937146448774355
1289482229,0.9943431803896919
1294777388,0.9949717159019486
1297233764,0.9956002514142049
1301480055,0.9962287869264614
1461402734,0.9968573224387178
1461732206,0.9974858579509742
1494558557,0.9981143934632307
1495607188,0.9987429289754871
1507812732,0.9993714644877436
1508380156,1.0
