iteration_number,iteration_duration_seconds,flow_size_bytes_in_iteration
1,0.6683721542358398,191879040
1,0.6683721542358398,191879040
1,0.6683721542358398,191879040
1,0.6683721542358398,191879040
1,0.6683721542358398,191879040
1,0.6683721542358398,191879040
1,0.6683721542358398,191879040
1,0.6683721542358398,191879040
2,0.6685528755187988,191887256
2,0.6685528755187988,191887256
2,0.6685528755187988,191887256
2,0.6685528755187988,191887264
2,0.6685528755187988,191887264
2,0.6685528755187988,191887264
2,0.6685528755187988,191887256
2,0.6685528755187988,191887264
3,0.6687560081481934,191883896
3,0.6687560081481934,191883896
3,0.6687560081481934,191883896
3,0.6687560081481934,191883904
3,0.6687560081481934,191883904
3,0.6687560081481934,191883904
3,0.6687560081481934,191883896
3,0.6687560081481934,191883904
4,0.6711838245391846,191887976
4,0.6711838245391846,191887976
4,0.6711838245391846,191887976
4,0.6711838245391846,191887984
4,0.6711838245391846,191887984
4,0.6711838245391846,191887984
4,0.6711838245391846,191887976
4,0.6711838245391846,191887984
5,0.6683781147003174,191887976
5,0.6683781147003174,191887976
5,0.6683781147003174,191887976
5,0.6683781147003174,191887984
5,0.6683781147003174,191887984
5,0.6683781147003174,191887984
5,0.6683781147003174,191887976
5,0.6683781147003174,191887984
6,0.6694989204406738,191888456
6,0.6694989204406738,191888456
6,0.6694989204406738,191888456
6,0.6694989204406738,191888464
6,0.6694989204406738,191888464
6,0.6694989204406738,191888464
6,0.6694989204406738,191888456
6,0.6694989204406738,191888464
7,0.67128586769104,191886296
7,0.67128586769104,191886296
7,0.67128586769104,191886296
7,0.67128586769104,191886304
7,0.67128586769104,191886304
7,0.67128586769104,191886304
7,0.67128586769104,191886296
7,0.67128586769104,191886304
8,0.6839849948883057,191878320
8,0.6839849948883057,191878320
8,0.6839849948883057,191878320
8,0.6839849948883057,191878320
8,0.6839849948883057,191878320
8,0.6839849948883057,191878320
8,0.6839849948883057,191878320
8,0.6839849948883057,191878320
9,0.6744701862335205,191884376
9,0.6744701862335205,191884376
9,0.6744701862335205,191884376
9,0.6744701862335205,191884384
9,0.6744701862335205,191884384
9,0.6744701862335205,191884384
9,0.6744701862335205,191884376
9,0.6744701862335205,191884384
10,0.6797730922698975,191888696
10,0.6797730922698975,191888696
10,0.6797730922698975,191888696
10,0.6797730922698975,191888704
10,0.6797730922698975,191888704
10,0.6797730922698975,191888704
10,0.6797730922698975,191888696
10,0.6797730922698975,191888704
11,0.6878361701965332,191887256
11,0.6878361701965332,191887256
11,0.6878361701965332,191887256
11,0.6878361701965332,191887264
11,0.6878361701965332,191887264
11,0.6878361701965332,191887264
11,0.6878361701965332,191887256
11,0.6878361701965332,191887264
12,0.6784751415252686,191886536
12,0.6784751415252686,191886536
12,0.6784751415252686,191886536
12,0.6784751415252686,191886544
12,0.6784751415252686,191886544
12,0.6784751415252686,191886544
12,0.6784751415252686,191886536
12,0.6784751415252686,191886544
13,0.6898210048675537,191880776
13,0.6898210048675537,191880776
13,0.6898210048675537,191880776
13,0.6898210048675537,191880784
13,0.6898210048675537,191880784
13,0.6898210048675537,191880784
13,0.6898210048675537,191880776
13,0.6898210048675537,191880784
14,0.695497989654541,191883896
14,0.695497989654541,191883896
14,0.695497989654541,191883896
14,0.695497989654541,191883904
14,0.695497989654541,191883904
14,0.695497989654541,191883904
14,0.695497989654541,191883896
14,0.695497989654541,191883904
15,0.6826188564300537,191887256
15,0.6826188564300537,191887256
15,0.6826188564300537,191887256
15,0.6826188564300537,191887264
15,0.6826188564300537,191887264
15,0.6826188564300537,191887264
15,0.6826188564300537,191887256
15,0.6826188564300537,191887264
16,0.6949498653411865,191888696
16,0.6949498653411865,191888696
16,0.6949498653411865,191888696
16,0.6949498653411865,191888704
16,0.6949498653411865,191888704
16,0.6949498653411865,191888704
16,0.6949498653411865,191888696
16,0.6949498653411865,191888704
17,0.7052638530731201,191888936
17,0.7052638530731201,191888936
17,0.7052638530731201,191888936
17,0.7052638530731201,191888944
17,0.7052638530731201,191888944
17,0.7052638530731201,191888944
17,0.7052638530731201,191888936
17,0.7052638530731201,191888944
18,0.6994860172271729,191890376
18,0.6994860172271729,191890376
18,0.6994860172271729,191890376
18,0.6994860172271729,191890384
18,0.6994860172271729,191890384
18,0.6994860172271729,191890384
18,0.6994860172271729,191890376
18,0.6994860172271729,191890384
19,0.6988751888275146,191876160
19,0.6988751888275146,191876160
19,0.6988751888275146,191876160
19,0.6988751888275146,191876160
19,0.6988751888275146,191876160
19,0.6988751888275146,191876160
19,0.6988751888275146,191876160
19,0.6988751888275146,191876160
20,0.7047441005706787,191884616
20,0.7047441005706787,191884616
20,0.7047441005706787,191884616
20,0.7047441005706787,191884624
20,0.7047441005706787,191884624
20,0.7047441005706787,191884624
20,0.7047441005706787,191884616
20,0.7047441005706787,191884624
21,0.7010138034820557,191887976
21,0.7010138034820557,191887976
21,0.7010138034820557,191887976
21,0.7010138034820557,191887984
21,0.7010138034820557,191887984
21,0.7010138034820557,191887984
21,0.7010138034820557,191887976
21,0.7010138034820557,191887984
22,0.7086381912231445,191889896
22,0.7086381912231445,191875544
22,0.7086381912231445,191875544
22,0.7086381912231445,191885120
22,0.7086381912231445,191889904
22,0.7086381912231445,191885120
22,0.7086381912231445,191889896
22,0.7086381912231445,191889904
23,0.7065041065216064,191887976
23,0.7065041065216064,191902328
23,0.7065041065216064,191902328
23,0.7065041065216064,191892768
23,0.7065041065216064,191887984
23,0.7065041065216064,191892768
23,0.7065041065216064,191887976
23,0.7065041065216064,191887984
24,0.7145829200744629,191887976
24,0.7145829200744629,191887976
24,0.7145829200744629,191887976
24,0.7145829200744629,191887984
24,0.7145829200744629,191887984
24,0.7145829200744629,191887984
24,0.7145829200744629,191887976
24,0.7145829200744629,191887984
25,0.7164809703826904,191880000
25,0.7164809703826904,191880000
25,0.7164809703826904,191880000
25,0.7164809703826904,191880000
25,0.7164809703826904,191880000
25,0.7164809703826904,191880000
25,0.7164809703826904,191880000
25,0.7164809703826904,191880000
26,0.7045941352844238,191887736
26,0.7045941352844238,191887736
26,0.7045941352844238,191887736
26,0.7045941352844238,191887744
26,0.7045941352844238,191887744
26,0.7045941352844238,191887744
26,0.7045941352844238,191887736
26,0.7045941352844238,191887744
27,0.713421106338501,191887736
27,0.713421106338501,191887736
27,0.713421106338501,191887736
27,0.713421106338501,191887744
27,0.713421106338501,191887744
27,0.713421106338501,191887744
27,0.713421106338501,191887736
27,0.713421106338501,191887744
28,0.7171239852905273,191881256
28,0.7171239852905273,191881256
28,0.7171239852905273,191881256
28,0.7171239852905273,191881264
28,0.7171239852905273,191881264
28,0.7171239852905273,191881264
28,0.7171239852905273,191881256
28,0.7171239852905273,191881264
29,0.7195360660552979,191880240
29,0.7195360660552979,191880240
29,0.7195360660552979,191880240
29,0.7195360660552979,191880240
29,0.7195360660552979,191880240
29,0.7195360660552979,191880240
29,0.7195360660552979,191880240
29,0.7195360660552979,191880240
30,0.7109129428863525,191888696
30,0.7109129428863525,191888696
30,0.7109129428863525,191888696
30,0.7109129428863525,191888704
30,0.7109129428863525,191888704
30,0.7109129428863525,191888704
30,0.7109129428863525,191888696
30,0.7109129428863525,191888704
31,0.72434401512146,191885096
31,0.72434401512146,191885096
31,0.72434401512146,191885096
31,0.72434401512146,191885104
31,0.72434401512146,191885104
31,0.72434401512146,191885104
31,0.72434401512146,191885096
31,0.72434401512146,191885104
32,0.7184510231018066,191887976
32,0.7184510231018066,191887976
32,0.7184510231018066,191887976
32,0.7184510231018066,191887984
32,0.7184510231018066,191887984
32,0.7184510231018066,191887984
32,0.7184510231018066,191887976
32,0.7184510231018066,191887984
33,0.7200071811676025,191885336
33,0.7200071811676025,191885336
33,0.7200071811676025,191885336
33,0.7200071811676025,191885344
33,0.7200071811676025,191885344
33,0.7200071811676025,191885344
33,0.7200071811676025,191885336
33,0.7200071811676025,191885344
34,0.7163138389587402,191885096
34,0.7163138389587402,191885096
34,0.7163138389587402,191885096
34,0.7163138389587402,191885104
34,0.7163138389587402,191885104
34,0.7163138389587402,191885104
34,0.7163138389587402,191885096
34,0.7163138389587402,191885104
35,0.7218809127807617,191879760
35,0.7218809127807617,191879760
35,0.7218809127807617,191879760
35,0.7218809127807617,191879760
35,0.7218809127807617,191879760
35,0.7218809127807617,191879760
35,0.7218809127807617,191879760
35,0.7218809127807617,191879760
36,0.7219138145446777,191888456
36,0.7219138145446777,191888456
36,0.7219138145446777,191888456
36,0.7219138145446777,191888464
36,0.7219138145446777,191888464
36,0.7219138145446777,191888464
36,0.7219138145446777,191888456
36,0.7219138145446777,191888464
37,0.7204680442810059,191881440
37,0.7204680442810059,191881440
37,0.7204680442810059,191881440
37,0.7204680442810059,191881440
37,0.7204680442810059,191881440
37,0.7204680442810059,191881440
37,0.7204680442810059,191881440
37,0.7204680442810059,191881440
38,0.7207329273223877,191880000
38,0.7207329273223877,191880000
38,0.7207329273223877,191880000
38,0.7207329273223877,191880000
38,0.7207329273223877,191880000
38,0.7207329273223877,191880000
38,0.7207329273223877,191880000
38,0.7207329273223877,191880000
39,0.7258820533752441,191886056
39,0.7258820533752441,191886056
39,0.7258820533752441,191886056
39,0.7258820533752441,191886064
39,0.7258820533752441,191886064
39,0.7258820533752441,191886064
39,0.7258820533752441,191886056
39,0.7258820533752441,191886064
40,0.716914176940918,191889416
40,0.716914176940918,191889416
40,0.716914176940918,191889416
40,0.716914176940918,191889424
40,0.716914176940918,191889424
40,0.716914176940918,191889424
40,0.716914176940918,191889416
40,0.716914176940918,191889424
41,0.7259619235992432,191876640
41,0.7259619235992432,191876640
41,0.7259619235992432,191876640
41,0.7259619235992432,191876640
41,0.7259619235992432,191876640
41,0.7259619235992432,191876640
41,0.7259619235992432,191876640
41,0.7259619235992432,191876640
42,0.7244579792022705,191887016
42,0.7244579792022705,191887016
42,0.7244579792022705,191887016
42,0.7244579792022705,191887024
42,0.7244579792022705,191887024
42,0.7244579792022705,191887024
42,0.7244579792022705,191887016
42,0.7244579792022705,191887024
43,0.7164599895477295,191887496
43,0.7164599895477295,191887496
43,0.7164599895477295,191887496
43,0.7164599895477295,191887504
43,0.7164599895477295,191887504
43,0.7164599895477295,191887504
43,0.7164599895477295,191887496
43,0.7164599895477295,191887504
44,0.7116599082946777,191886536
44,0.7116599082946777,191886536
44,0.7116599082946777,191886536
44,0.7116599082946777,191886544
44,0.7116599082946777,191886544
44,0.7116599082946777,191886544
44,0.7116599082946777,191886536
44,0.7116599082946777,191886544
45,0.7220790386199951,191888936
45,0.7220790386199951,191888936
45,0.7220790386199951,191888936
45,0.7220790386199951,191888944
45,0.7220790386199951,191888944
45,0.7220790386199951,191888944
45,0.7220790386199951,191888936
45,0.7220790386199951,191888944
46,0.7119359970092773,191888936
46,0.7119359970092773,191888936
46,0.7119359970092773,191888936
46,0.7119359970092773,191888944
46,0.7119359970092773,191888944
46,0.7119359970092773,191888944
46,0.7119359970092773,191888936
46,0.7119359970092773,191888944
47,0.7085690498352051,191889656
47,0.7085690498352051,191889656
47,0.7085690498352051,191889656
47,0.7085690498352051,191889664
47,0.7085690498352051,191889664
47,0.7085690498352051,191889664
47,0.7085690498352051,191889656
47,0.7085690498352051,191889664
48,0.7078890800476074,191880480
48,0.7078890800476074,191880480
48,0.7078890800476074,191880480
48,0.7078890800476074,191880480
48,0.7078890800476074,191880480
48,0.7078890800476074,191880480
48,0.7078890800476074,191880480
48,0.7078890800476074,191880480
49,0.7123889923095703,191888936
49,0.7123889923095703,191888936
49,0.7123889923095703,191888936
49,0.7123889923095703,191888944
49,0.7123889923095703,191888944
49,0.7123889923095703,191888944
49,0.7123889923095703,191888936
49,0.7123889923095703,191888944
50,0.7076640129089355,191885576
50,0.7076640129089355,191885576
50,0.7076640129089355,191885576
50,0.7076640129089355,191885584
50,0.7076640129089355,191885584
50,0.7076640129089355,191885584
50,0.7076640129089355,191885576
50,0.7076640129089355,191885584
51,0.7034409046173096,191889896
51,0.7034409046173096,191889896
51,0.7034409046173096,191889896
51,0.7034409046173096,191889904
51,0.7034409046173096,191889904
51,0.7034409046173096,191889904
51,0.7034409046173096,191889896
51,0.7034409046173096,191889904
52,0.6995029449462891,191888216
52,0.6995029449462891,191888216
52,0.6995029449462891,191888216
52,0.6995029449462891,191888224
52,0.6995029449462891,191888224
52,0.6995029449462891,191888224
52,0.6995029449462891,191888216
52,0.6995029449462891,191888224
53,0.7027740478515625,191881200
53,0.7027740478515625,191881200
53,0.7027740478515625,191881200
53,0.7027740478515625,191881200
53,0.7027740478515625,191881200
53,0.7027740478515625,191881200
53,0.7027740478515625,191881200
53,0.7027740478515625,191881200
54,0.6964380741119385,191880720
54,0.6964380741119385,191880720
54,0.6964380741119385,191880720
54,0.6964380741119385,191880720
54,0.6964380741119385,191880720
54,0.6964380741119385,191880720
54,0.6964380741119385,191880720
54,0.6964380741119385,191880720
55,0.700286865234375,191888216
55,0.700286865234375,191888216
55,0.700286865234375,191888216
55,0.700286865234375,191888224
55,0.700286865234375,191888224
55,0.700286865234375,191888224
55,0.700286865234375,191888216
55,0.700286865234375,191888224
56,0.6977689266204834,191880480
56,0.6977689266204834,191880480
56,0.6977689266204834,191880480
56,0.6977689266204834,191880480
56,0.6977689266204834,191880480
56,0.6977689266204834,191880480
56,0.6977689266204834,191880480
56,0.6977689266204834,191880480
57,0.7061569690704346,191885336
57,0.7061569690704346,191885336
57,0.7061569690704346,191885336
57,0.7061569690704346,191885344
57,0.7061569690704346,191885344
57,0.7061569690704346,191885344
57,0.7061569690704346,191885336
57,0.7061569690704346,191885344
58,0.7113509178161621,191889416
58,0.7113509178161621,191889416
58,0.7113509178161621,191889416
58,0.7113509178161621,191889424
58,0.7113509178161621,191889424
58,0.7113509178161621,191889424
58,0.7113509178161621,191889416
58,0.7113509178161621,191889424
59,0.6977591514587402,191888696
59,0.6977591514587402,191888696
59,0.6977591514587402,191888696
59,0.6977591514587402,191888704
59,0.6977591514587402,191888704
59,0.6977591514587402,191888704
59,0.6977591514587402,191888696
59,0.6977591514587402,191888704
60,0.7137649059295654,191877840
60,0.7137649059295654,191877840
60,0.7137649059295654,191877840
60,0.7137649059295654,191877840
60,0.7137649059295654,191877840
60,0.7137649059295654,191877840
60,0.7137649059295654,191877840
60,0.7137649059295654,191877840
61,0.707625150680542,191884136
61,0.707625150680542,191884136
61,0.707625150680542,191884136
61,0.707625150680542,191884144
61,0.707625150680542,191884144
61,0.707625150680542,191884144
61,0.707625150680542,191884136
61,0.707625150680542,191884144
62,0.7085719108581543,191886296
62,0.7085719108581543,191886296
62,0.7085719108581543,191886296
62,0.7085719108581543,191886304
62,0.7085719108581543,191886304
62,0.7085719108581543,191886304
62,0.7085719108581543,191886296
62,0.7085719108581543,191886304
63,0.7103798389434814,191887976
63,0.7103798389434814,191887976
63,0.7103798389434814,191887976
63,0.7103798389434814,191887984
63,0.7103798389434814,191887984
63,0.7103798389434814,191887984
63,0.7103798389434814,191887976
63,0.7103798389434814,191887984
64,0.7074429988861084,191888456
64,0.7074429988861084,191888456
64,0.7074429988861084,191888456
64,0.7074429988861084,191888464
64,0.7074429988861084,191888464
64,0.7074429988861084,191888464
64,0.7074429988861084,191888456
64,0.7074429988861084,191888464
65,0.7117030620574951,191888696
65,0.7117030620574951,191888696
65,0.7117030620574951,191888696
65,0.7117030620574951,191888704
65,0.7117030620574951,191888704
65,0.7117030620574951,191888704
65,0.7117030620574951,191888696
65,0.7117030620574951,191888704
66,0.6974809169769287,191887976
66,0.6974809169769287,191887976
66,0.6974809169769287,191887976
66,0.6974809169769287,191887984
66,0.6974809169769287,191887984
66,0.6974809169769287,191887984
66,0.6974809169769287,191887976
66,0.6974809169769287,191887984
67,0.7074661254882812,191883896
67,0.7074661254882812,191883896
67,0.7074661254882812,191883896
67,0.7074661254882812,191883904
67,0.7074661254882812,191883904
67,0.7074661254882812,191883904
67,0.7074661254882812,191883896
67,0.7074661254882812,191883904
68,0.6985859870910645,191886536
68,0.6985859870910645,191886536
68,0.6985859870910645,191886536
68,0.6985859870910645,191886544
68,0.6985859870910645,191886544
68,0.6985859870910645,191886544
68,0.6985859870910645,191886536
68,0.6985859870910645,191886544
69,0.6995639801025391,191889656
69,0.6995639801025391,191889656
69,0.6995639801025391,191889656
69,0.6995639801025391,191889664
69,0.6995639801025391,191889664
69,0.6995639801025391,191889664
69,0.6995639801025391,191889656
69,0.6995639801025391,191889664
70,0.6996569633483887,191885336
70,0.6996569633483887,191885336
70,0.6996569633483887,191885336
70,0.6996569633483887,191885344
70,0.6996569633483887,191885344
70,0.6996569633483887,191885344
70,0.6996569633483887,191885336
70,0.6996569633483887,191885344
71,0.6970179080963135,191889896
71,0.6970179080963135,191889896
71,0.6970179080963135,191889896
71,0.6970179080963135,191889904
71,0.6970179080963135,191889904
71,0.6970179080963135,191889904
71,0.6970179080963135,191889896
71,0.6970179080963135,191889904
72,0.6919829845428467,191881200
72,0.6919829845428467,191881200
72,0.6919829845428467,191881200
72,0.6919829845428467,191881200
72,0.6919829845428467,191881200
72,0.6919829845428467,191881200
72,0.6919829845428467,191881200
72,0.6919829845428467,191881200
73,0.6940889358520508,191881200
73,0.6940889358520508,191881200
73,0.6940889358520508,191881200
73,0.6940889358520508,191881200
73,0.6940889358520508,191881200
73,0.6940889358520508,191881200
73,0.6940889358520508,191881200
73,0.6940889358520508,191881200
74,0.70334792137146,191888216
74,0.70334792137146,191888216
74,0.70334792137146,191888216
74,0.70334792137146,191888224
74,0.70334792137146,191888224
74,0.70334792137146,191888224
74,0.70334792137146,191888216
74,0.70334792137146,191888224
75,0.6894958019256592,191888696
75,0.6894958019256592,191888696
75,0.6894958019256592,191888696
75,0.6894958019256592,191888704
75,0.6894958019256592,191888704
75,0.6894958019256592,191888704
75,0.6894958019256592,191888696
75,0.6894958019256592,191888704
76,0.6939311027526855,191885816
76,0.6939311027526855,191885816
76,0.6939311027526855,191885816
76,0.6939311027526855,191885824
76,0.6939311027526855,191885824
76,0.6939311027526855,191885824
76,0.6939311027526855,191885816
76,0.6939311027526855,191885824
77,0.6854190826416016,191884376
77,0.6854190826416016,191884376
77,0.6854190826416016,191884376
77,0.6854190826416016,191884384
77,0.6854190826416016,191884384
77,0.6854190826416016,191884384
77,0.6854190826416016,191884376
77,0.6854190826416016,191884384
78,0.6912600994110107,191887256
78,0.6912600994110107,191887256
78,0.6912600994110107,191887256
78,0.6912600994110107,191887264
78,0.6912600994110107,191887264
78,0.6912600994110107,191887264
78,0.6912600994110107,191887256
78,0.6912600994110107,191887264
79,0.688838005065918,191887976
79,0.688838005065918,191887976
79,0.688838005065918,191887976
79,0.688838005065918,191887984
79,0.688838005065918,191887984
79,0.688838005065918,191887984
79,0.688838005065918,191887976
79,0.688838005065918,191887984
80,0.6803760528564453,191888216
80,0.6803760528564453,191888216
80,0.6803760528564453,191888216
80,0.6803760528564453,191888224
80,0.6803760528564453,191888224
80,0.6803760528564453,191888224
80,0.6803760528564453,191888216
80,0.6803760528564453,191888224
81,0.6863958835601807,191887256
81,0.6863958835601807,191887256
81,0.6863958835601807,191887256
81,0.6863958835601807,191887264
81,0.6863958835601807,191887264
81,0.6863958835601807,191887264
81,0.6863958835601807,191887256
81,0.6863958835601807,191887264
82,0.691176176071167,191885336
82,0.691176176071167,191885336
82,0.691176176071167,191885336
82,0.691176176071167,191885344
82,0.691176176071167,191885344
82,0.691176176071167,191885344
82,0.691176176071167,191885336
82,0.691176176071167,191885344
83,0.693993091583252,191889416
83,0.693993091583252,191889416
83,0.693993091583252,191889416
83,0.693993091583252,191889424
83,0.693993091583252,191889424
83,0.693993091583252,191889424
83,0.693993091583252,191889416
83,0.693993091583252,191889424
84,0.6887750625610352,191890376
84,0.6887750625610352,191890376
84,0.6887750625610352,191890376
84,0.6887750625610352,191890384
84,0.6887750625610352,191890384
84,0.6887750625610352,191890384
84,0.6887750625610352,191890376
84,0.6887750625610352,191890384
85,0.6888301372528076,191879520
85,0.6888301372528076,191879520
85,0.6888301372528076,191879520
85,0.6888301372528076,191879520
85,0.6888301372528076,191879520
85,0.6888301372528076,191879520
85,0.6888301372528076,191879520
85,0.6888301372528076,191879520
86,0.6873908042907715,191887976
86,0.6873908042907715,191887976
86,0.6873908042907715,191887976
86,0.6873908042907715,191887984
86,0.6873908042907715,191887984
86,0.6873908042907715,191887984
86,0.6873908042907715,191887976
86,0.6873908042907715,191887984
87,0.6924099922180176,191889656
87,0.6924099922180176,191889656
87,0.6924099922180176,191889656
87,0.6924099922180176,191889664
87,0.6924099922180176,191889664
87,0.6924099922180176,191889664
87,0.6924099922180176,191889656
87,0.6924099922180176,191889664
88,0.6857540607452393,191887256
88,0.6857540607452393,191887256
88,0.6857540607452393,191887256
88,0.6857540607452393,191887264
88,0.6857540607452393,191887264
88,0.6857540607452393,191887264
88,0.6857540607452393,191887256
88,0.6857540607452393,191887264
89,0.6860690116882324,191885576
89,0.6860690116882324,191885576
89,0.6860690116882324,191885576
89,0.6860690116882324,191885584
89,0.6860690116882324,191885584
89,0.6860690116882324,191885584
89,0.6860690116882324,191885576
89,0.6860690116882324,191885584
90,0.6813437938690186,191887256
90,0.6813437938690186,191887256
90,0.6813437938690186,191887256
90,0.6813437938690186,191887264
90,0.6813437938690186,191887264
90,0.6813437938690186,191887264
90,0.6813437938690186,191887256
90,0.6813437938690186,191887264
91,0.6824650764465332,191888696
91,0.6824650764465332,191888696
91,0.6824650764465332,191888696
91,0.6824650764465332,191888704
91,0.6824650764465332,191888704
91,0.6824650764465332,191888704
91,0.6824650764465332,191888696
91,0.6824650764465332,191888704
92,0.67156982421875,191887736
92,0.67156982421875,191887736
92,0.67156982421875,191887736
92,0.67156982421875,191887744
92,0.67156982421875,191887744
92,0.67156982421875,191887744
92,0.67156982421875,191887736
92,0.67156982421875,191887744
93,0.6823329925537109,191886056
93,0.6823329925537109,191886056
93,0.6823329925537109,191886056
93,0.6823329925537109,191886064
93,0.6823329925537109,191886064
93,0.6823329925537109,191886064
93,0.6823329925537109,191886056
93,0.6823329925537109,191886064
94,0.6749460697174072,191888216
94,0.6749460697174072,191888216
94,0.6749460697174072,191888216
94,0.6749460697174072,191888224
94,0.6749460697174072,191888224
94,0.6749460697174072,191888224
94,0.6749460697174072,191888216
94,0.6749460697174072,191888224
95,0.6745970249176025,191887976
95,0.6745970249176025,191887976
95,0.6745970249176025,191887976
95,0.6745970249176025,191887984
95,0.6745970249176025,191887984
95,0.6745970249176025,191887984
95,0.6745970249176025,191887976
95,0.6745970249176025,191887984
96,0.6796720027923584,191887976
96,0.6796720027923584,191887976
96,0.6796720027923584,191887976
96,0.6796720027923584,191887984
96,0.6796720027923584,191887984
96,0.6796720027923584,191887984
96,0.6796720027923584,191887976
96,0.6796720027923584,191887984
97,0.6717031002044678,191880480
97,0.6717031002044678,191880480
97,0.6717031002044678,191880480
97,0.6717031002044678,191880480
97,0.6717031002044678,191880480
97,0.6717031002044678,191880480
97,0.6717031002044678,191880480
97,0.6717031002044678,191880480
98,0.6663808822631836,191887976
98,0.6663808822631836,191887976
98,0.6663808822631836,191887976
98,0.6663808822631836,191887984
98,0.6663808822631836,191887984
98,0.6663808822631836,191887984
98,0.6663808822631836,191887976
98,0.6663808822631836,191887984
99,0.6686689853668213,191881200
99,0.6686689853668213,191881200
99,0.6686689853668213,191881200
99,0.6686689853668213,191881200
99,0.6686689853668213,191881200
99,0.6686689853668213,191881200
99,0.6686689853668213,191881200
99,0.6686689853668213,191881200
100,0.6702539920806885,191887256
100,0.6702539920806885,191887256
100,0.6702539920806885,191887256
100,0.6702539920806885,191887264
100,0.6702539920806885,191887264
100,0.6702539920806885,191887264
100,0.6702539920806885,191887256
100,0.6702539920806885,191887264
101,0.6690399646759033,191887256
101,0.6690399646759033,191887256
101,0.6690399646759033,191887256
101,0.6690399646759033,191887264
101,0.6690399646759033,191887264
101,0.6690399646759033,191887264
101,0.6690399646759033,191887256
101,0.6690399646759033,191887264
102,0.6693410873413086,191890136
102,0.6693410873413086,191890136
102,0.6693410873413086,191890136
102,0.6693410873413086,191890144
102,0.6693410873413086,191890144
102,0.6693410873413086,191890144
102,0.6693410873413086,191890136
102,0.6693410873413086,191890144
103,0.6677119731903076,191887976
103,0.6677119731903076,191887976
103,0.6677119731903076,191887976
103,0.6677119731903076,191887984
103,0.6677119731903076,191887984
103,0.6677119731903076,191887984
103,0.6677119731903076,191887976
103,0.6677119731903076,191887984
104,0.6685788631439209,191881200
104,0.6685788631439209,191881200
104,0.6685788631439209,191881200
104,0.6685788631439209,191881200
104,0.6685788631439209,191881200
104,0.6685788631439209,191881200
104,0.6685788631439209,191881200
104,0.6685788631439209,191881200
105,0.6660900115966797,191885336
105,0.6660900115966797,191885336
105,0.6660900115966797,191885336
105,0.6660900115966797,191885344
105,0.6660900115966797,191885344
105,0.6660900115966797,191885344
105,0.6660900115966797,191885336
105,0.6660900115966797,191885344
106,0.6696028709411621,191888216
106,0.6696028709411621,191888216
106,0.6696028709411621,191888216
106,0.6696028709411621,191888224
106,0.6696028709411621,191888224
106,0.6696028709411621,191888224
106,0.6696028709411621,191888216
106,0.6696028709411621,191888224
107,0.666038990020752,191887976
107,0.666038990020752,191887976
107,0.666038990020752,191887976
107,0.666038990020752,191887984
107,0.666038990020752,191887984
107,0.666038990020752,191887984
107,0.666038990020752,191887976
107,0.666038990020752,191887984
108,0.6727800369262695,191888696
108,0.6727800369262695,191888696
108,0.6727800369262695,191888696
108,0.6727800369262695,191888704
108,0.6727800369262695,191888704
108,0.6727800369262695,191888704
108,0.6727800369262695,191888696
108,0.6727800369262695,191888704
109,0.664992094039917,191887976
109,0.664992094039917,191887976
109,0.664992094039917,191887976
109,0.664992094039917,191887984
109,0.664992094039917,191887984
109,0.664992094039917,191887984
109,0.664992094039917,191887976
109,0.664992094039917,191887984
110,0.6700930595397949,191887496
110,0.6700930595397949,191887496
110,0.6700930595397949,191887496
110,0.6700930595397949,191887504
110,0.6700930595397949,191887504
110,0.6700930595397949,191887504
110,0.6700930595397949,191887496
110,0.6700930595397949,191887504
111,0.6729531288146973,191878320
111,0.6729531288146973,191878320
111,0.6729531288146973,191878320
111,0.6729531288146973,191878320
111,0.6729531288146973,191878320
111,0.6729531288146973,191878320
111,0.6729531288146973,191878320
111,0.6729531288146973,191878320
112,0.6638000011444092,191887256
112,0.6638000011444092,191887256
112,0.6638000011444092,191887256
112,0.6638000011444092,191887264
112,0.6638000011444092,191887264
112,0.6638000011444092,191887264
112,0.6638000011444092,191887256
112,0.6638000011444092,191887264
113,0.6722309589385986,191887976
113,0.6722309589385986,191887976
113,0.6722309589385986,191887976
113,0.6722309589385986,191887984
113,0.6722309589385986,191887984
113,0.6722309589385986,191887984
113,0.6722309589385986,191887976
113,0.6722309589385986,191887984
114,0.6644558906555176,191882456
114,0.6644558906555176,191882456
114,0.6644558906555176,191882456
114,0.6644558906555176,191882464
114,0.6644558906555176,191882464
114,0.6644558906555176,191882464
114,0.6644558906555176,191882456
114,0.6644558906555176,191882464
115,0.6736869812011719,191886536
115,0.6736869812011719,191886536
115,0.6736869812011719,191886536
115,0.6736869812011719,191886544
115,0.6736869812011719,191886544
115,0.6736869812011719,191886544
115,0.6736869812011719,191886536
115,0.6736869812011719,191886544
116,0.6655678749084473,191887256
116,0.6655678749084473,191887256
116,0.6655678749084473,191887256
116,0.6655678749084473,191887264
116,0.6655678749084473,191887264
116,0.6655678749084473,191887264
116,0.6655678749084473,191887256
116,0.6655678749084473,191887264
117,0.6637117862701416,191887496
117,0.6637117862701416,191887496
117,0.6637117862701416,191887496
117,0.6637117862701416,191887504
117,0.6637117862701416,191887504
117,0.6637117862701416,191887504
117,0.6637117862701416,191887496
117,0.6637117862701416,191887504
118,0.6681118011474609,191877360
118,0.6681118011474609,191877360
118,0.6681118011474609,191877360
118,0.6681118011474609,191877360
118,0.6681118011474609,191877360
118,0.6681118011474609,191877360
118,0.6681118011474609,191877360
118,0.6681118011474609,191877360
119,0.6691069602966309,191886536
119,0.6691069602966309,191886536
119,0.6691069602966309,191886536
119,0.6691069602966309,191886544
119,0.6691069602966309,191886544
119,0.6691069602966309,191886544
119,0.6691069602966309,191886536
119,0.6691069602966309,191886544
120,0.6682500839233398,191889416
120,0.6682500839233398,191889416
120,0.6682500839233398,191889416
120,0.6682500839233398,191889424
120,0.6682500839233398,191889424
120,0.6682500839233398,191889424
120,0.6682500839233398,191889416
120,0.6682500839233398,191889424
121,0.6688499450683594,191886536
121,0.6688499450683594,191886536
121,0.6688499450683594,191886536
121,0.6688499450683594,191886544
121,0.6688499450683594,191886544
121,0.6688499450683594,191886544
121,0.6688499450683594,191886536
121,0.6688499450683594,191886544
122,0.6687839031219482,191887976
122,0.6687839031219482,191887976
122,0.6687839031219482,191887976
122,0.6687839031219482,191887984
122,0.6687839031219482,191887984
122,0.6687839031219482,191887984
122,0.6687839031219482,191887976
122,0.6687839031219482,191887984
123,0.671450138092041,191877360
123,0.671450138092041,191877360
123,0.671450138092041,191877360
123,0.671450138092041,191877360
123,0.671450138092041,191877360
123,0.671450138092041,191877360
123,0.671450138092041,191877360
123,0.671450138092041,191877360
124,0.6725831031799316,191887976
124,0.6725831031799316,191887976
124,0.6725831031799316,191887976
124,0.6725831031799316,191887984
124,0.6725831031799316,191887984
124,0.6725831031799316,191887984
124,0.6725831031799316,191887976
124,0.6725831031799316,191887984
125,0.6784729957580566,191887016
125,0.6784729957580566,191887016
125,0.6784729957580566,191887016
125,0.6784729957580566,191887024
125,0.6784729957580566,191887024
125,0.6784729957580566,191887024
125,0.6784729957580566,191887016
125,0.6784729957580566,191887024
126,0.6793980598449707,191880480
126,0.6793980598449707,191880480
126,0.6793980598449707,191880480
126,0.6793980598449707,191880480
126,0.6793980598449707,191880480
126,0.6793980598449707,191880480
126,0.6793980598449707,191880480
126,0.6793980598449707,191880480
127,0.6776280403137207,191886776
127,0.6776280403137207,191886776
127,0.6776280403137207,191886776
127,0.6776280403137207,191886784
127,0.6776280403137207,191886784
127,0.6776280403137207,191886784
127,0.6776280403137207,191886776
127,0.6776280403137207,191886784
128,0.676750898361206,191887976
128,0.676750898361206,191887976
128,0.676750898361206,191887976
128,0.676750898361206,191887984
128,0.676750898361206,191887984
128,0.676750898361206,191887984
128,0.676750898361206,191887976
128,0.676750898361206,191887984
129,0.6847660541534424,191887976
129,0.6847660541534424,191887976
129,0.6847660541534424,191887976
129,0.6847660541534424,191887984
129,0.6847660541534424,191887984
129,0.6847660541534424,191887984
129,0.6847660541534424,191887976
129,0.6847660541534424,191887984
130,0.6823430061340332,191887736
130,0.6823430061340332,191887736
130,0.6823430061340332,191887736
130,0.6823430061340332,191887744
130,0.6823430061340332,191887744
130,0.6823430061340332,191887744
130,0.6823430061340332,191887736
130,0.6823430061340332,191887744
131,0.68088698387146,191885336
131,0.68088698387146,191885336
131,0.68088698387146,191885336
131,0.68088698387146,191885344
131,0.68088698387146,191885344
131,0.68088698387146,191885344
131,0.68088698387146,191885336
131,0.68088698387146,191885344
132,0.6830179691314697,191880480
132,0.6830179691314697,191880480
132,0.6830179691314697,191880480
132,0.6830179691314697,191880480
132,0.6830179691314697,191880480
132,0.6830179691314697,191880480
132,0.6830179691314697,191880480
132,0.6830179691314697,191880480
133,0.6800518035888672,191886536
133,0.6800518035888672,191886536
133,0.6800518035888672,191886536
133,0.6800518035888672,191886544
133,0.6800518035888672,191886544
133,0.6800518035888672,191886544
133,0.6800518035888672,191886536
133,0.6800518035888672,191886544
134,0.681304931640625,191890136
134,0.681304931640625,191890136
134,0.681304931640625,191890136
134,0.681304931640625,191890144
134,0.681304931640625,191890144
134,0.681304931640625,191890144
134,0.681304931640625,191890136
134,0.681304931640625,191890144
135,0.6821110248565674,191888696
135,0.6821110248565674,191888696
135,0.6821110248565674,191888696
135,0.6821110248565674,191888704
135,0.6821110248565674,191888704
135,0.6821110248565674,191888704
135,0.6821110248565674,191888696
135,0.6821110248565674,191888704
136,0.6881611347198486,191887736
136,0.6881611347198486,191887736
136,0.6881611347198486,191887736
136,0.6881611347198486,191887744
136,0.6881611347198486,191887744
136,0.6881611347198486,191887744
136,0.6881611347198486,191887736
136,0.6881611347198486,191887744
137,0.6880099773406982,191888456
137,0.6880099773406982,191888456
137,0.6880099773406982,191888456
137,0.6880099773406982,191888464
137,0.6880099773406982,191888464
137,0.6880099773406982,191888464
137,0.6880099773406982,191888456
137,0.6880099773406982,191888464
138,0.6933398246765137,191887976
138,0.6933398246765137,191887976
138,0.6933398246765137,191887976
138,0.6933398246765137,191887984
138,0.6933398246765137,191887984
138,0.6933398246765137,191887984
138,0.6933398246765137,191887976
138,0.6933398246765137,191887984
139,0.6892409324645996,191888696
139,0.6892409324645996,191888696
139,0.6892409324645996,191888696
139,0.6892409324645996,191888704
139,0.6892409324645996,191888704
139,0.6892409324645996,191888704
139,0.6892409324645996,191888696
139,0.6892409324645996,191888704
140,0.6889338493347168,191887976
140,0.6889338493347168,191887976
140,0.6889338493347168,191887976
140,0.6889338493347168,191887984
140,0.6889338493347168,191887984
140,0.6889338493347168,191887984
140,0.6889338493347168,191887976
140,0.6889338493347168,191887984
141,0.6866960525512695,191890136
141,0.6866960525512695,191890136
141,0.6866960525512695,191890136
141,0.6866960525512695,191890144
141,0.6866960525512695,191890144
141,0.6866960525512695,191890144
141,0.6866960525512695,191890136
141,0.6866960525512695,191890144
142,0.6953110694885254,191888456
142,0.6953110694885254,191888456
142,0.6953110694885254,191888456
142,0.6953110694885254,191888464
142,0.6953110694885254,191888464
142,0.6953110694885254,191888464
142,0.6953110694885254,191888456
142,0.6953110694885254,191888464
143,0.6879940032958984,191886536
143,0.6879940032958984,191886536
143,0.6879940032958984,191886536
143,0.6879940032958984,191886544
143,0.6879940032958984,191886544
143,0.6879940032958984,191886544
143,0.6879940032958984,191886536
143,0.6879940032958984,191886544
144,0.692903995513916,191887976
144,0.692903995513916,191887976
144,0.692903995513916,191887976
144,0.692903995513916,191887984
144,0.692903995513916,191887984
144,0.692903995513916,191887984
144,0.692903995513916,191887976
144,0.692903995513916,191887984
145,0.6900150775909424,191889656
145,0.6900150775909424,191889656
145,0.6900150775909424,191889656
145,0.6900150775909424,191889664
145,0.6900150775909424,191889664
145,0.6900150775909424,191889664
145,0.6900150775909424,191889656
145,0.6900150775909424,191889664
146,0.6896359920501709,191887976
146,0.6896359920501709,191887976
146,0.6896359920501709,191887976
146,0.6896359920501709,191887984
146,0.6896359920501709,191887984
146,0.6896359920501709,191887984
146,0.6896359920501709,191887976
146,0.6896359920501709,191887984
147,0.6902430057525635,191894936
147,0.6902430057525635,191894936
147,0.6902430057525635,191894936
147,0.6902430057525635,191894944
147,0.6902430057525635,191894944
147,0.6902430057525635,191894944
147,0.6902430057525635,191894936
147,0.6902430057525635,191894944
148,0.6854870319366455,191885816
148,0.6854870319366455,191885816
148,0.6854870319366455,191885816
148,0.6854870319366455,191885824
148,0.6854870319366455,191885824
148,0.6854870319366455,191885824
148,0.6854870319366455,191885816
148,0.6854870319366455,191885824
149,0.6924829483032227,191889896
149,0.6924829483032227,191889896
149,0.6924829483032227,191889896
149,0.6924829483032227,191889904
149,0.6924829483032227,191889904
149,0.6924829483032227,191889904
149,0.6924829483032227,191889896
149,0.6924829483032227,191889904
150,0.6963150501251221,191885816
150,0.6963150501251221,191885816
150,0.6963150501251221,191885816
150,0.6963150501251221,191885824
150,0.6963150501251221,191885824
150,0.6963150501251221,191885824
150,0.6963150501251221,191885816
150,0.6963150501251221,191885824
151,0.6892890930175781,191879760
151,0.6892890930175781,191879760
151,0.6892890930175781,191879760
151,0.6892890930175781,191879760
151,0.6892890930175781,191879760
151,0.6892890930175781,191879760
151,0.6892890930175781,191879760
151,0.6892890930175781,191879760
152,0.7012491226196289,191888696
152,0.7012491226196289,191888696
152,0.7012491226196289,191888696
152,0.7012491226196289,191888704
152,0.7012491226196289,191888704
152,0.7012491226196289,191888704
152,0.7012491226196289,191888696
152,0.7012491226196289,191888704
153,0.6966161727905273,191886296
153,0.6966161727905273,191886296
153,0.6966161727905273,191886296
153,0.6966161727905273,191886304
153,0.6966161727905273,191886304
153,0.6966161727905273,191886304
153,0.6966161727905273,191886296
153,0.6966161727905273,191886304
154,0.7001810073852539,191886536
154,0.7001810073852539,191886536
154,0.7001810073852539,191886536
154,0.7001810073852539,191886544
154,0.7001810073852539,191886544
154,0.7001810073852539,191886544
154,0.7001810073852539,191886536
154,0.7001810073852539,191886544
155,0.6917519569396973,191885096
155,0.6917519569396973,191885096
155,0.6917519569396973,191885096
155,0.6917519569396973,191885104
155,0.6917519569396973,191885104
155,0.6917519569396973,191885104
155,0.6917519569396973,191885096
155,0.6917519569396973,191885104
156,0.6948459148406982,191887256
156,0.6948459148406982,191887256
156,0.6948459148406982,191887256
156,0.6948459148406982,191887264
156,0.6948459148406982,191887264
156,0.6948459148406982,191887264
156,0.6948459148406982,191887256
156,0.6948459148406982,191887264
157,0.6917879581451416,191886776
157,0.6917879581451416,191886776
157,0.6917879581451416,191886776
157,0.6917879581451416,191886784
157,0.6917879581451416,191886784
157,0.6917879581451416,191886784
157,0.6917879581451416,191886776
157,0.6917879581451416,191886784
158,0.7002110481262207,191888696
158,0.7002110481262207,191888696
158,0.7002110481262207,191888696
158,0.7002110481262207,191888704
158,0.7002110481262207,191888704
158,0.7002110481262207,191888704
158,0.7002110481262207,191888696
158,0.7002110481262207,191888704
159,0.6938149929046631,191887256
159,0.6938149929046631,191887256
159,0.6938149929046631,191887256
159,0.6938149929046631,191887264
159,0.6938149929046631,191887264
159,0.6938149929046631,191887264
159,0.6938149929046631,191887256
159,0.6938149929046631,191887264
160,0.6913759708404541,191888216
160,0.6913759708404541,191888216
160,0.6913759708404541,191888216
160,0.6913759708404541,191888224
160,0.6913759708404541,191888224
160,0.6913759708404541,191888224
160,0.6913759708404541,191888216
160,0.6913759708404541,191888224
161,0.6997621059417725,191888696
161,0.6997621059417725,191888696
161,0.6997621059417725,191888696
161,0.6997621059417725,191888704
161,0.6997621059417725,191888704
161,0.6997621059417725,191888704
161,0.6997621059417725,191888696
161,0.6997621059417725,191888704
162,0.6975500583648682,191887256
162,0.6975500583648682,191887256
162,0.6975500583648682,191887256
162,0.6975500583648682,191887264
162,0.6975500583648682,191887264
162,0.6975500583648682,191887264
162,0.6975500583648682,191887256
162,0.6975500583648682,191887264
163,0.6926631927490234,191887256
163,0.6926631927490234,191887256
163,0.6926631927490234,191887256
163,0.6926631927490234,191887264
163,0.6926631927490234,191887264
163,0.6926631927490234,191887264
163,0.6926631927490234,191887256
163,0.6926631927490234,191887264
164,0.7028980255126953,191888456
164,0.7028980255126953,191888456
164,0.7028980255126953,191888456
164,0.7028980255126953,191888464
164,0.7028980255126953,191888464
164,0.7028980255126953,191888464
164,0.7028980255126953,191888456
164,0.7028980255126953,191888464
165,0.6892070770263672,191890136
165,0.6892070770263672,191890136
165,0.6892070770263672,191890136
165,0.6892070770263672,191890144
165,0.6892070770263672,191890144
165,0.6892070770263672,191890144
165,0.6892070770263672,191890136
165,0.6892070770263672,191890144
166,0.6885430812835693,191888696
166,0.6885430812835693,191888696
166,0.6885430812835693,191888696
166,0.6885430812835693,191888704
166,0.6885430812835693,191888704
166,0.6885430812835693,191888704
166,0.6885430812835693,191888696
166,0.6885430812835693,191888704
167,0.691615104675293,191890136
167,0.691615104675293,191890136
167,0.691615104675293,191890136
167,0.691615104675293,191890144
167,0.691615104675293,191890144
167,0.691615104675293,191890144
167,0.691615104675293,191890136
167,0.691615104675293,191890144
168,0.7064640522003174,191888936
168,0.7064640522003174,191888936
168,0.7064640522003174,191888936
168,0.7064640522003174,191888944
168,0.7064640522003174,191888944
168,0.7064640522003174,191888944
168,0.7064640522003174,191888936
168,0.7064640522003174,191888944
169,0.6885929107666016,191887976
169,0.6885929107666016,191887976
169,0.6885929107666016,191887976
169,0.6885929107666016,191887984
169,0.6885929107666016,191887984
169,0.6885929107666016,191887984
169,0.6885929107666016,191887976
169,0.6885929107666016,191887984
170,0.6930170059204102,191887976
170,0.6930170059204102,191887976
170,0.6930170059204102,191887976
170,0.6930170059204102,191887984
170,0.6930170059204102,191887984
170,0.6930170059204102,191887984
170,0.6930170059204102,191887976
170,0.6930170059204102,191887984
171,0.6875770092010498,191887440
171,0.6875770092010498,191887440
171,0.6875770092010498,191887440
171,0.6875770092010498,191887440
171,0.6875770092010498,191887440
171,0.6875770092010498,191887440
171,0.6875770092010498,191887440
171,0.6875770092010498,191887440
172,0.691457986831665,191885336
172,0.691457986831665,191885336
172,0.691457986831665,191885336
172,0.691457986831665,191885344
172,0.691457986831665,191885344
172,0.691457986831665,191885344
172,0.691457986831665,191885336
172,0.691457986831665,191885344
173,0.6860368251800537,191888696
173,0.6860368251800537,191888696
173,0.6860368251800537,191888696
173,0.6860368251800537,191888704
173,0.6860368251800537,191888704
173,0.6860368251800537,191888704
173,0.6860368251800537,191888696
173,0.6860368251800537,191888704
174,0.6883399486541748,191887976
174,0.6883399486541748,191887976
174,0.6883399486541748,191887976
174,0.6883399486541748,191887984
174,0.6883399486541748,191887984
174,0.6883399486541748,191887984
174,0.6883399486541748,191887976
174,0.6883399486541748,191887984
175,0.6910560131072998,191886536
175,0.6910560131072998,191886536
175,0.6910560131072998,191886536
175,0.6910560131072998,191886544
175,0.6910560131072998,191886544
175,0.6910560131072998,191886544
175,0.6910560131072998,191886536
175,0.6910560131072998,191886544
176,0.6875720024108887,191885336
176,0.6875720024108887,191885336
176,0.6875720024108887,191885336
176,0.6875720024108887,191885344
176,0.6875720024108887,191885344
176,0.6875720024108887,191885344
176,0.6875720024108887,191885336
176,0.6875720024108887,191885344
177,0.688086986541748,191887736
177,0.688086986541748,191887736
177,0.688086986541748,191887736
177,0.688086986541748,191887744
177,0.688086986541748,191887744
177,0.688086986541748,191887744
177,0.688086986541748,191887736
177,0.688086986541748,191887744
178,0.690457820892334,191887976
178,0.690457820892334,191887976
178,0.690457820892334,191887976
178,0.690457820892334,191887984
178,0.690457820892334,191887984
178,0.690457820892334,191887984
178,0.690457820892334,191887976
178,0.690457820892334,191887984
179,0.6894180774688721,191881200
179,0.6894180774688721,191881200
179,0.6894180774688721,191881200
179,0.6894180774688721,191881200
179,0.6894180774688721,191881200
179,0.6894180774688721,191881200
179,0.6894180774688721,191881200
179,0.6894180774688721,191881200
180,0.6862969398498535,191886296
180,0.6862969398498535,191886296
180,0.6862969398498535,191886296
180,0.6862969398498535,191886304
180,0.6862969398498535,191886304
180,0.6862969398498535,191886304
180,0.6862969398498535,191886296
180,0.6862969398498535,191886304
181,0.6900069713592529,191888696
181,0.6900069713592529,191888696
181,0.6900069713592529,191888696
181,0.6900069713592529,191888704
181,0.6900069713592529,191888704
181,0.6900069713592529,191888704
181,0.6900069713592529,191888696
181,0.6900069713592529,191888704
182,0.6875259876251221,191890136
182,0.6875259876251221,191890136
182,0.6875259876251221,191890136
182,0.6875259876251221,191890144
182,0.6875259876251221,191890144
182,0.6875259876251221,191890144
182,0.6875259876251221,191890136
182,0.6875259876251221,191890144
183,0.6920080184936523,191882216
183,0.6920080184936523,191882216
183,0.6920080184936523,191882216
183,0.6920080184936523,191882224
183,0.6920080184936523,191882224
183,0.6920080184936523,191882224
183,0.6920080184936523,191882216
183,0.6920080184936523,191882224
184,0.6870279312133789,191888696
184,0.6870279312133789,191888696
184,0.6870279312133789,191888696
184,0.6870279312133789,191888704
184,0.6870279312133789,191888704
184,0.6870279312133789,191888704
184,0.6870279312133789,191888696
184,0.6870279312133789,191888704
185,0.6886680126190186,191887976
185,0.6886680126190186,191887976
185,0.6886680126190186,191887976
185,0.6886680126190186,191887984
185,0.6886680126190186,191887984
185,0.6886680126190186,191887984
185,0.6886680126190186,191887976
185,0.6886680126190186,191887984
186,0.6869869232177734,191888456
186,0.6869869232177734,191888456
186,0.6869869232177734,191888456
186,0.6869869232177734,191888464
186,0.6869869232177734,191888464
186,0.6869869232177734,191888464
186,0.6869869232177734,191888456
186,0.6869869232177734,191888464
187,0.690418004989624,191888696
187,0.690418004989624,191888696
187,0.690418004989624,191888696
187,0.690418004989624,191888704
187,0.690418004989624,191888704
187,0.690418004989624,191888704
187,0.690418004989624,191888696
187,0.690418004989624,191888704
188,0.6912269592285156,191887976
188,0.6912269592285156,191887976
188,0.6912269592285156,191887976
188,0.6912269592285156,191887984
188,0.6912269592285156,191887984
188,0.6912269592285156,191887984
188,0.6912269592285156,191887976
188,0.6912269592285156,191887984
189,0.691648006439209,191885576
189,0.691648006439209,191885576
189,0.691648006439209,191885576
189,0.691648006439209,191885584
189,0.691648006439209,191885584
189,0.691648006439209,191885584
189,0.691648006439209,191885576
189,0.691648006439209,191885584
190,0.6832461357116699,191887016
190,0.6832461357116699,191887016
190,0.6832461357116699,191887016
190,0.6832461357116699,191887024
190,0.6832461357116699,191887024
190,0.6832461357116699,191887024
190,0.6832461357116699,191887016
190,0.6832461357116699,191887024
191,0.6891560554504395,191885096
191,0.6891560554504395,191885096
191,0.6891560554504395,191885096
191,0.6891560554504395,191885104
191,0.6891560554504395,191885104
191,0.6891560554504395,191885104
191,0.6891560554504395,191885096
191,0.6891560554504395,191885104
192,0.6901140213012695,191880480
192,0.6901140213012695,191880480
192,0.6901140213012695,191880480
192,0.6901140213012695,191880480
192,0.6901140213012695,191880480
192,0.6901140213012695,191880480
192,0.6901140213012695,191880480
192,0.6901140213012695,191880480
193,0.6870050430297852,191888696
193,0.6870050430297852,191888696
193,0.6870050430297852,191888696
193,0.6870050430297852,191888704
193,0.6870050430297852,191888704
193,0.6870050430297852,191888704
193,0.6870050430297852,191888696
193,0.6870050430297852,191888704
194,0.688856840133667,191888696
194,0.688856840133667,191888696
194,0.688856840133667,191888696
194,0.688856840133667,191888704
194,0.688856840133667,191888704
194,0.688856840133667,191888704
194,0.688856840133667,191888696
194,0.688856840133667,191888704
195,0.6941819190979004,191886056
195,0.6941819190979004,191886056
195,0.6941819190979004,191886056
195,0.6941819190979004,191886064
195,0.6941819190979004,191886064
195,0.6941819190979004,191886064
195,0.6941819190979004,191886056
195,0.6941819190979004,191886064
196,0.6894791126251221,191886776
196,0.6894791126251221,191886776
196,0.6894791126251221,191886776
196,0.6894791126251221,191886784
196,0.6894791126251221,191886784
196,0.6894791126251221,191886784
196,0.6894791126251221,191886776
196,0.6894791126251221,191886784
197,0.6851339340209961,191887256
197,0.6851339340209961,191887256
197,0.6851339340209961,191887256
197,0.6851339340209961,191887264
197,0.6851339340209961,191887264
197,0.6851339340209961,191887264
197,0.6851339340209961,191887256
197,0.6851339340209961,191887264
198,0.6811518669128418,191886536
198,0.6811518669128418,191886536
198,0.6811518669128418,191886536
198,0.6811518669128418,191886544
198,0.6811518669128418,191886544
198,0.6811518669128418,191886544
198,0.6811518669128418,191886536
198,0.6811518669128418,191886544
199,0.686600923538208,191886536
199,0.686600923538208,191886536
199,0.686600923538208,191886536
199,0.686600923538208,191886544
199,0.686600923538208,191886544
199,0.686600923538208,191886544
199,0.686600923538208,191886536
199,0.686600923538208,191886544
200,0.6829831600189209,191880480
200,0.6829831600189209,191880480
200,0.6829831600189209,191880480
200,0.6829831600189209,191880480
200,0.6829831600189209,191880480
200,0.6829831600189209,191880480
200,0.6829831600189209,191880480
200,0.6829831600189209,191880480
